id,domain,status,purchase_price,renewal_price,attractiveness,demand,length,registrar,created_at,expires_at,status_verified_at
1882a4ae-15a5-48cd-87c7-bc1fc2255405,power.energy,resell,,,high,medium,5,"GoDaddy.com, LLC",01/05/2017 18:01,01/05/2028 18:01,26/09/2026 08:16
55fae38d-c7e0-4ed7-b79b-f57f38d781c8,power.organic,available,,,high,medium,5,,,,
188bfd21-8cf7-4852-99f0-017b01b59fbf,power.dealer,premium,2015,2600,high,medium,5,namecheap,,,08/09/2026 07:25
9e8cc9f3-c883-4520-a780-22afc34336c8,power.diet,available,104.99,114.99,high,medium,5,namesilo,,,08/09/2026 07:25
2bdbc6a3-7697-4245-a83d-4e78f9d2ad89,power.car,available,1999.99,2199,high,medium,5,namesilo,,,08/09/2026 07:25
b0bb3aea-888b-4d21-bedb-24a7f8aaf2a6,power.fish,available,,,high,medium,5,,,,
00808ddc-dedd-49f7-b57b-046c2a02ebaa,power.srl,premium,54.28,30.68,high,medium,5,namesilo,,,08/09/2026 07:25
9192d86b-dca6-49d6-a0e1-78e2dfd0ad28,power.day,premium,648.7,648.7,high,medium,5,namecheap,,,08/09/2026 07:25
13dd8fcc-1b02-4230-af26-f5298f160f91,power.vana,available,2298,2498,high,medium,5,namecheap,,,08/09/2026 07:25
11449c5e-560f-4180-b179-3cc7d7bcabc1,power.viajes,available,,,high,medium,5,,,,
00d740ed-04a4-439e-a971-39f67caa02e6,power.hiphop,available,23.99,23.99,high,medium,5,namesilo,,,08/09/2026 07:25
7dd9436f-d389-476c-875c-52730b184b93,power.science,premium,3250,130,high,medium,5,namecheap,,,08/09/2026 07:25
108dcdf0-5f65-4ea7-ad56-a66447612869,power.institute,available,,,high,medium,5,,,,
1957d70a-5a02-4a77-b6f6-9e262da4fbe1,power.associates,available,,,high,medium,5,,,,
40428c35-cbee-4239-8fb0-f50f00477dc5,power.properties,available,,,high,medium,5,,,,
1fca3706-8090-4d43-a8b3-e8e83f4a70f4,power.fishing,premium,96,29.5,high,medium,5,namesilo,,,08/09/2026 07:25
b7cbcfcf-b447-40f5-baf1-25df98fa9dbf,power.surf,premium,52,31.2,high,medium,5,namecheap,,,
9ba55a47-0141-4d00-a722-ec6b144db091,power.care,resell,,,high,medium,5,"Spaceship, Inc.",07/05/2019 19:47,07/05/2027 19:47,26/09/2026 08:16
2e8158c7-8e05-4405-970a-db18bd25ae0b,power.surgery,available,,,high,medium,5,,,,
64e85d0a-2f86-4e81-993a-47c54cfa274f,power.horse,premium,260,31.2,high,medium,5,namecheap,,,
dd0da26b-c627-4242-90c4-9f74f4430b96,power.football,available,,,high,medium,5,,,,
d724ec90-4bc1-4a67-a9b6-f1f29f6e51fe,power.security,available,1999.99,2049.99,high,medium,5,namesilo,,,08/09/2026 07:25
de92a736-1f8a-44f2-90d9-d8c1e8d0f6d7,power.kids,premium,384,21.24,high,medium,5,namesilo,,,08/09/2026 07:25
75d23d3c-18af-4ca3-b8e3-b9295297c8d1,power.directory,available,,,high,medium,5,,,,
a379deff-d330-4721-a865-9b261805afd6,power.construction,available,,,high,medium,5,,,,
41fadf4e-56be-497e-a55c-4d9a720d784d,power.kaufen,available,,,high,medium,5,,,,
f0d3a4d4-a8a1-4310-8e52-8638bfcdbd5c,power.catering,available,,,high,medium,5,,,,
ab7e5fc4-9709-4ab6-8cc0-f555c0541d81,power.tires,premium,242,242,high,medium,5,namesilo,,,08/09/2026 07:25
c0e5da69-be06-46ac-a2d1-8ac3ba615c1a,power.city,resell,,,high,medium,5,Porkbun LLC,05/08/2015 16:45,05/08/2027 16:45,26/09/2026 08:16
e1c773b3-bb44-41b0-88a7-551250c4ac51,power.exchange,resell,,,high,medium,5,Dynadot Inc,02/10/2015 22:52,02/10/2027 22:52,03/10/2026 04:44
4f01124f-b8b6-40df-ae81-89b413db29e1,power.rent,premium,1107,1107,high,medium,5,namesilo,,,08/09/2026 07:25
c1693d15-02b5-4378-8831-f1ca6ab3e985,power.locker,premium,318.46,8.8,high,medium,5,namesilo,,,08/09/2026 07:25
7be2570c-8b5a-4354-a55f-709181087af6,power.bond,premium,95.55,382.2,high,medium,5,namecheap,,,
cefbf65c-1792-4726-b3ef-d26a46c1a9a2,power.esq,premium,843.7,843.7,high,medium,5,namecheap,,,08/09/2026 07:25
e1b58a90-e44f-4939-9043-bbe8e0c7df0b,power.flights,available,,,high,medium,5,,,,
84a8931e-e5e6-4120-b7c5-f26c9e3f2b04,power.loan,premium,6500,130,high,medium,5,namecheap,,,08/09/2026 07:25
adbe98a2-040e-4ba7-a986-1ad15be8b8b2,power.hosting,available,398,,high,medium,5,namecheap,,,
a876603d-cb01-4871-ac60-a90204005b3d,power.buzz,premium,512,116,high,medium,5,namesilo,,,08/09/2026 07:25
36eb6a2f-f3cc-4f71-a490-489384849edf,power.boo,premium,648.7,648.7,high,medium,5,namecheap,,,08/09/2026 07:25
3393132d-17b0-4ff0-bccd-acc8fd009fd9,power.faith,premium,116,29.5,high,medium,5,namesilo,,,08/09/2026 07:25
9e9e8b5b-69db-4305-902d-5fc05851cd3e,power.pub,resell,,,high,medium,5,"DNSPod, Inc.",24/07/2016 17:59,24/07/2027 17:59,26/09/2026 08:16
460ff9e5-f356-446d-9363-4a94521a2d7f,power.rsvp,premium,648.7,648.7,high,medium,5,namecheap,,,08/09/2026 07:25
94fe8867-aac3-4759-a523-8f18cdb5078f,power.cricket,premium,1107,116,high,medium,5,namesilo,,,08/09/2026 07:25
ce511af4-17bf-4dcb-a827-978b97c0cceb,power.host,premium,4875,9750,high,medium,5,namecheap,,,08/09/2026 07:25
da2219c7-c1fb-4e06-a94c-4a89080d54e1,power.church,available,,,high,medium,5,,,,
c39f7aec-7d6a-461d-8432-91588d5166c1,power.coffee,available,,,high,medium,5,,,,
39f09b84-647e-4aef-b358-f8287a1296c9,power.skin,premium,832,832,high,medium,5,namesilo,,,08/09/2026 07:25
0e9bef51-c2f1-4aee-a107-c5cba08cab8c,power.insure,available,,,high,medium,5,,,,
c7a05bb6-7109-4662-98f3-cf73892d18d9,power.best,premium,594.16,594.16,high,medium,5,namesilo,,,08/09/2026 07:25
f67513c3-2a97-4145-8c9f-942790ab0a6b,power.motorcycles,premium,845,15.73,high,medium,5,namecheap,,,
e48d1b1c-a843-400b-8e5a-ecde8a45ce02,power.date,premium,384,53.92,high,medium,5,namesilo,,,08/09/2026 07:25
87ac7456-6ea3-4a28-b3c0-f90b1416859d,power.bayern,available,34.99,34.99,high,medium,5,namesilo,,,08/09/2026 07:25
e2d10b4b-09c3-41e4-8123-299593c35a31,power.family,premium,242,242,high,medium,5,namesilo,,,08/09/2026 07:25
2a6c1b44-275a-4c21-9042-b481b7a7ef05,power.careers,premium,512,512,high,medium,5,namesilo,,,08/09/2026 07:25
52db30be-22c3-4966-924c-9171864f1f69,power.marketing,resell,,,high,medium,5,"Spaceship, Inc.",13/04/2014 19:34,13/04/2027 19:34,26/09/2026 08:16
ce259740-bc15-4e9e-9722-1efa725a361d,power.video,resell,,,high,medium,5,"Sav.com, LLC",20/11/2025 17:32,20/11/2026 17:32,26/09/2026 08:17
7c5e3e44-9163-40da-a9d7-c6cdb84869a8,power.click,premium,455,650,high,medium,5,namecheap,,,08/09/2026 07:25
127ad6d4-2cef-47b7-94c4-4368ca614df2,power.hot,premium,640,640,high,medium,5,namesilo,,,08/09/2026 07:25
18e3fcc8-673f-42ab-be09-e22642043aeb,power.shiksha,available,,,high,medium,5,,,,
9e4c838f-93e2-42a1-928f-fefb1900064c,power.nexus,premium,1298.7,1298.7,high,medium,5,namecheap,,,08/09/2026 07:25
b9b9dfda-91ba-4d49-b151-8297dc0c0f48,power.soy,premium,418.6,418.6,high,medium,5,namecheap,,,08/09/2026 07:25
868f9dff-cabb-489c-9b85-cb9a1c2929ad,power.diamonds,available,,,high,medium,5,,,,
ebdddc9f-e169-467c-b7b9-bd63dbd42d25,power.melbourne,premium,58,58,high,medium,5,namesilo,,,08/09/2026 07:25
aa79310f-0b08-43df-b623-12fda0d88c7e,power.management,available,,,high,medium,5,,,,
9040e307-f9b4-44fd-8b5f-2e7b155b9d9e,power.phd,premium,843.7,843.7,high,medium,5,namecheap,,,08/09/2026 07:25
9cb994b8-773a-47cb-ac48-b10730045951,power.blue,resell,,,high,medium,5,"Spaceship, Inc.",17/04/2014 19:58,17/04/2027 19:58,26/09/2026 08:16
f52c8c54-db1a-42c0-bc34-6765f474e6a5,energy.green,resell,,,high,medium,6,"GoDaddy.com, LLC",02/10/2020 07:40,02/10/2027 07:40,03/10/2026 04:43
2823291b-2343-45f7-b10c-5496692e3fb9,power.mom,premium,832,832,high,medium,5,namesilo,,,08/09/2026 07:25
afbb3448-e121-462c-a6c1-ad92b0839841,power.fail,premium,118.8,118.8,high,medium,5,namesilo,,,08/09/2026 07:25
d519fd63-e41d-4333-a051-d82a3c295c39,power.sucks,premium,2658.67,2658.67,high,medium,5,namesilo,,,08/09/2026 07:25
0b6ac16a-51ce-400c-a42e-02e12cead701,power.services,available,,,high,medium,5,,,,
8a883cbb-4317-49f7-980f-8871eaa2427a,power.town,available,,,high,medium,5,,,,
7a8d561b-7487-4648-9a9e-33e18bdda67b,energy.auto,available,1999.99,2199,high,medium,6,namesilo,,,01/10/2026 16:04
fecb8e53-2106-4ceb-937b-eb5f7ea49604,power.singles,available,,,high,medium,5,,,,
2700a823-318f-4f5a-8757-aff844dfdcf5,power.airforce,available,,,high,medium,5,,,,
866a9d25-34bc-4d7b-af9b-05436c06933f,power.restaurant,available,,,high,medium,5,,,,
9648c80a-72e6-4514-b476-e08f3a0adf56,power.lifestyle,premium,1820,2600,high,medium,5,namecheap,,,08/09/2026 07:25
37d6480e-7b3b-474a-b968-d2e856ee357b,power.gallery,available,,,high,medium,5,,,,
180f3435-b59d-4cda-8b0a-e0ded353bf83,power.degree,available,,,high,medium,5,,,,
29af2263-44d4-4bb9-9695-d37a20a045af,power.immo,available,,,high,medium,5,,,,
4cb4008e-7aca-4e5e-aae7-7804ed253d62,power.school,available,,,high,medium,5,,,,
8a3412ef-1661-425f-a026-8fea3e7104ec,power.group,available,,,high,medium,5,,,,
e41f412b-fa2d-4e0a-8d2e-f46df46a7cc9,power.camera,available,,,high,medium,5,,,,
274fb9d1-95a4-4a6e-b587-8394cf9b719c,power.direct,premium,118.8,118.8,high,medium,5,namesilo,,,08/09/2026 07:25
2b1ff113-6345-4d63-882d-18932a0dc394,power.credit,available,,,high,medium,5,,,,
ffd9a1c7-260c-406f-94dd-8fa1258a1c81,power.cool,available,,,high,medium,5,,,,
e2086076-b001-4237-94ef-9c80f4416d7f,power.rip,available,,,high,medium,5,,,,
3b7c14bb-beb8-4243-a85a-0c4fc4f9d24d,power.poker,premium,2600,2600,high,medium,5,namecheap,,,08/09/2026 07:25
ccb94656-a2b6-4366-ab26-2de6d25baf0f,power.market,available,,,high,medium,5,,,,
050fc017-1652-4c56-bbe4-a27b6fd305bb,power.sydney,premium,58,58,high,medium,5,namesilo,,,08/09/2026 07:25
4f637317-18d4-4a4d-be5f-6c8949e22405,power.immobilien,available,,,high,medium,5,,,,
3e8e2fda-8a6b-4482-93d3-5f74f4d81f93,power.sarl,available,,,high,medium,5,,,,
0bad85eb-52e0-4620-9619-e90e1f671d61,power.show,available,,,high,medium,5,,,,
ebf20c4a-9405-46a8-9ffe-410fba984440,power.lgbt,premium,78.54,78.54,high,medium,5,namesilo,,,08/09/2026 07:25
8b4df7f1-f750-40b1-b627-8dcdde973cfd,energy.store,premium,,,high,medium,6,,,,01/10/2026 16:04
8a78764f-c5a7-4042-b0bc-2ae0b91a2782,power.gold,available,,,high,medium,5,,,,
dcc4111b-439f-4e1d-b034-e99ffd8a90b7,power.community,available,,,high,medium,5,,,,
c76aafbc-52b5-47df-9e00-b260ef0cb911,power.consulting,resell,,,high,medium,5,"Spaceship, Inc.",23/07/2014 17:00,23/07/2027 17:00,26/09/2026 08:16
324a5806-6136-4110-b9f6-75e004327139,power.photos,premium,23.6,23.6,high,medium,5,namesilo,,,08/09/2026 07:25
a3b68f3e-0a8b-42b9-97ad-1b4efbfa6b42,energy.forex,premium,1035.2,1035.2,high,medium,6,spaceship,,,01/10/2026 16:04
7f74259d-4234-4b5d-a424-68744ed99927,power.today,available,,,high,medium,5,,,,
40d2b30b-a484-4ede-aa3b-963c9b6e8ff5,energy.lgbt,available,14.99,79.99,high,medium,6,namesilo,,,01/10/2026 16:04
f6bbe574-f15e-4869-9c83-962169da9d67,power.desi,available,19.98,22.98,high,medium,5,namecheap,,,08/09/2026 07:25
e0ad0304-e4ff-427e-8627-05606a7eb94f,energy.dealer,premium,4278,2660,high,medium,6,namesilo,,,01/10/2026 16:04
f74fa184-48ea-4155-be37-5ca41f77340e,energy.education,resell,,,high,medium,6,"GoDaddy.com, LLC",22/12/2015 12:54,22/12/2026 12:54,01/10/2026 16:04
e02f8871-ac81-4dc5-92bc-1d9b92cb5c5f,energy.lawyer,premium,1107,1107,high,medium,6,namesilo,,,01/10/2026 16:04
5905889f-7b25-4f7e-8314-20a1e78644b1,energy.rodeo,premium,96,11.8,high,medium,6,namesilo,,,01/10/2026 16:04
fc2aef03-647d-423f-8772-cd79badd98a0,power.foo,premium,1298.7,1298.7,high,medium,5,namecheap,,,08/09/2026 07:25
ba396f72-be24-4791-a282-75abc7847b85,energy.study,premium,640,640,high,medium,6,namesilo,,,01/10/2026 16:04
91cbcbd8-9f08-4fa3-bb26-1b56b49b2396,energy.cfd,premium,330,660,high,medium,6,dynadot,,,01/10/2026 16:04
26a660b7-a962-4494-9834-348e7469d2ec,power.forum,premium,640,640,high,medium,5,namesilo,,,08/09/2026 07:25
2091a7ca-4356-4f0d-b3b4-3066cfd1321c,power.uno,premium,3250,3250,high,medium,5,namecheap,,,08/09/2026 07:25
fb72a325-0972-46b4-a7af-dc5ee12d260c,energy.irish,available,17.2,17.2,high,medium,6,cloudflare,,,01/10/2026 16:04
3bd41352-3dcf-48c8-ada6-683f56a57a6c,power.kitchen,available,,,high,medium,5,,,,
ddd47194-9b64-4a0e-9673-38e0f079b24e,power.creditcard,available,,,high,medium,5,,,,
7a1d1940-0e10-46d8-8b93-833931074f13,power.audio,available,104.99,114.99,high,medium,5,namesilo,,,08/09/2026 07:25
9c8fdcf7-b5fe-406c-90ea-aee7adceff11,power.events,available,,,high,medium,5,,,,
558d63ae-725f-4f2a-a924-dc016ed89e32,energy.vacations,available,31.25,31.25,high,medium,6,spaceship,,,01/10/2026 16:04
bb66bee6-cacc-4c66-9f62-65a29e613c1f,power.fashion,premium,96,29.5,high,medium,5,namesilo,,,08/09/2026 07:25
4616ca3b-c798-4176-9b0f-4bca96824b3f,power.new,available,488.98,601.98,high,medium,5,namecheap,,,08/09/2026 07:25
7037c75c-b47b-4a64-b951-1a34df4afbf8,energy.contact,resell,,,high,medium,6,Porkbun LLC,09/12/2020 16:00,09/12/2026 16:00,01/10/2026 16:04
e14f49bf-ce4a-452e-a034-4f836afd7dda,power.website,premium,650,1300,high,medium,5,namecheap,,,08/09/2026 07:25
287eac85-057c-4dad-87b8-f8f23effeab0,energy.website,premium,550,1100,high,medium,6,dynadot,,,01/10/2026 16:04
0c897f17-7211-47e0-9203-469a86703c3b,power.bar,available,,,high,medium,5,,,,
e8d0d249-147f-49f1-8afe-7b8cbf6007ce,power.cars,available,1999.99,2199,high,medium,5,namesilo,,,08/09/2026 07:25
1f1d7239-ad18-4f55-bb0f-cb16e05fc95f,energy.band,premium,99.5,102.67,high,medium,6,unstoppable,,,01/10/2026 16:04
5287183a-9256-433f-99a9-5a81ad1c1847,power.supplies,premium,854,854,high,medium,5,namesilo,,,08/09/2026 07:25
2213017c-fd62-4f46-9554-84df1926d668,energy.charity,premium,220,220,high,medium,6,dynadot,,,01/10/2026 16:04
113b26fe-1cea-4961-9ce5-f76692ec264e,power.blog,premium,3250,13000,high,medium,5,namecheap,,,08/09/2026 07:25
7a54ac54-ea0c-4c7a-a386-11fbd81e2b18,power.healthcare,available,,,high,medium,5,,,,
f63f2c73-b0ce-4414-a790-e41faa7c6722,energy.florist,available,32.99,32.99,high,medium,6,namesilo,,,01/10/2026 16:04
8c89284f-c39c-4ca5-b282-d51605724f4f,energy.rest,premium,576,576,high,medium,6,namesilo,,,01/10/2026 16:04
1aeeb625-7051-4fe5-9a4a-62af7b46092c,energy.academy,premium,,,high,medium,6,,,,01/10/2026 16:04
f6a7a2f2-d339-4030-b732-2142bba4ccc6,power.broker,premium,3250,3250,high,medium,5,namecheap,,,08/09/2026 07:25
c2de6bc4-b53c-4d06-a2a4-cf57e613069f,energy.network,resell,,,high,medium,6,"Go France Domains, LLC",10/12/2014 16:00,10/12/2026 16:00,01/10/2026 16:04
a8d2f9dc-4d2f-4ad9-b978-fa55f0adabbf,energy.family,resell,,,high,medium,6,Squarespace Domains II LLC,20/06/2021 18:53,20/06/2027 18:53,01/10/2026 16:04
c8241092-940f-461f-8934-25f00132ec2e,energy.vegas,premium,242,119.94,high,medium,6,namesilo,,,01/10/2026 16:04
0f4dafbd-442c-42ed-a500-35d5d2439cbf,energy.so,resell,,,high,medium,6,NameCheap,18/08/2020 03:02,18/08/2025 03:02,
0d36e69a-7f5e-4261-a85e-f32cd9cc0883,power.pictures,available,,,high,medium,5,,,,
e158d39c-4981-47b0-9f82-bcc80adb9cc7,power.capital,available,,,high,medium,5,,,,
db08819e-232b-4901-973b-228ec98737d5,energy.maison,premium,118.8,118.8,high,medium,6,namesilo,,,01/10/2026 16:04
f371fc5e-7036-44ac-b0d1-36c69c1dc545,energy.mom,premium,832,832,high,medium,6,namesilo,,,01/10/2026 16:04
17193ed2-8445-4984-ba58-019a367cdd77,power.cfd,premium,384,768,high,medium,5,namesilo,,,08/09/2026 07:25
7a2ecc81-3e34-4527-8de6-7a8c2b4d904f,power.wine,premium,118.8,118.8,high,medium,5,namesilo,,,08/09/2026 07:25
42f49322-e78e-45b1-a469-9df33b1c6fc2,power.farm,available,,,high,medium,5,,,,
9db7f372-6217-4d2f-a629-82b836d8fa06,energy.villas,premium,242,242,high,medium,6,namesilo,,,01/10/2026 16:04
33a9a8fd-7476-4a85-bbfc-dbc9a6d29130,power.wiki,premium,302.5,302.5,high,medium,5,namesilo,,,08/09/2026 07:25
54e34ee4-9b56-4bdc-9ac1-74b2d9e96f2f,energy.me,resell,5750,27.99,high,medium,6,"GoDaddy.com, LLC",15/08/2008 09:59,15/08/2027 09:59,01/10/2026 16:04
70e89e42-0923-410e-845d-83455257adef,energy.love,premium,4347.2,6210.2,high,medium,6,spaceship,,,01/10/2026 16:04
1bdc6cd2-cd96-491c-bc9b-eb06d16df909,power.mobi,available,,,high,medium,5,,,,
bb5e1cf8-beab-4f5b-991b-02ded0db6dc0,power.dentist,premium,242,242,high,medium,5,namesilo,,,08/09/2026 07:25
cc62ad31-62e2-4927-8243-46ba77426fd1,power.bid,resell,,,high,medium,5,Dynadot Inc,26/07/2019 14:41,26/07/2027 14:41,26/09/2026 08:16
b5cc1368-5b64-478d-a660-302c09e1883a,energy.gift,available,14.99,14.99,high,medium,6,namesilo,,,01/10/2026 16:04
fc749b95-7c93-4dec-9323-729ec8e7638a,energy.boo,premium,545.26,545.26,high,medium,6,porkbun,,,01/10/2026 16:04
6c323c57-9906-4259-9bb6-af3ca2e98eb8,energy.dating,available,20,64.99,high,medium,6,unstoppable,,,01/10/2026 16:04
17bfe614-ac12-408d-926a-e6ea44162db2,power.store,premium,812.5,3250,high,medium,5,namecheap,,,08/09/2026 07:25
0f975bf1-2899-4d2a-964b-7c440fe891a4,power.llc,premium,1107,1107,high,medium,5,namesilo,,,08/09/2026 07:25
563aea42-3c00-4c0d-85f1-73192d2ff2fb,power.promo,available,,,high,medium,5,,,,
4b17dff3-13d0-4d92-9339-1e4e9c38095e,power.moe,premium,96,14.16,high,medium,5,namesilo,,,08/09/2026 07:25
fbad14cb-f903-4d03-be37-b7efa0f43a04,power.tickets,available,359.99,488.88,high,medium,5,namesilo,,,08/09/2026 07:25
b728b57a-f7c2-4571-8644-9c0c7de95f68,energy.training,resell,,,high,medium,6,IONOS SE,24/07/2015 10:13,24/07/2027 10:13,01/10/2026 16:04
20c0106f-c33f-439c-81ec-25906c23a74f,energy.black,available,27.99,64.99,high,medium,6,namesilo,,,01/10/2026 16:04
eb707744-774b-4abd-89b0-0baf4f337363,energy.realty,premium,764.69,1092.18,high,medium,6,porkbun,,,01/10/2026 16:04
5e8102b7-6919-48bd-887b-b73d1dd079d4,power.accountants,available,,,high,medium,5,,,,
c93e07f1-cf77-41d3-a3e7-3ea5e94d0a33,power.party,available,,,high,medium,5,,,,
e0137c35-94ee-4c90-a3b9-5ebf743eb4a8,power.boutique,premium,242,242,high,medium,5,namesilo,,,08/09/2026 07:25
38a90281-5b65-457b-a1f4-b6ce0784f4d2,energy.singles,available,9.49,33.99,high,medium,6,namesilo,,,01/10/2026 16:04
b0a5102c-a4bb-4e4f-ad56-197f91a5f064,energy.protection,available,1999.99,2049.99,high,medium,6,namesilo,,,01/10/2026 16:04
2ffb3c88-2547-46a5-aa09-424935f27cdc,energy.foo,premium,648.7,648.7,high,medium,6,namecheap,,,01/10/2026 16:04
672dedb5-1954-4645-8067-62044fb9e9ad,energy.blog,premium,650,2600,high,medium,6,namecheap,,,01/10/2026 16:04
8911eef2-720f-43d7-b81c-0e22da7ea67e,power.food,premium,1820,2600,high,medium,5,namecheap,,,08/09/2026 07:25
d5ce01f4-d56a-4351-8cd9-f30559616842,power.music,available,,,high,medium,5,,,,
507c1844-f774-4281-97f7-53ae534b764f,energy.support,premium,99.5,118.8,high,medium,6,unstoppable,,,01/10/2026 16:04
55181955-521a-448a-9ceb-72127b8f7d74,power.cooking,premium,242,29.5,high,medium,5,namesilo,,,08/09/2026 07:25
57f1b51b-1653-43db-97ee-9d9b79a3f0cb,power.cab,available,,,high,medium,5,,,,
071b682b-240f-49f5-b9b2-aadd3614663a,energy.vana,available,2060.25,2060.25,high,medium,6,porkbun,,,01/10/2026 16:04
fc17d3d9-32f1-4096-9a13-9182cc3eb48f,power.taxi,available,,,high,medium,5,,,,
a3648030-1b8c-4fc2-b85f-c58aa2e0b572,energy.hockey,available,59.99,59.99,high,medium,6,namesilo,,,01/10/2026 16:04
9f31fde2-29b6-499a-9299-b9ade954028a,power.photo,premium,116,116,high,medium,5,namesilo,,,08/09/2026 07:25
a179d184-0612-4e74-b168-22eae3056c4f,power.cleaning,premium,118.8,118.8,high,medium,5,namesilo,,,08/09/2026 07:25
5ff41181-27d2-48c7-b5af-73a41bb971fc,energy.sucks,premium,2728.7,2728.7,high,medium,6,namecheap,,,01/10/2026 16:04
238fbde9-f2e6-4f5b-a927-bdb54c36a300,power.so,resell,,,high,medium,5,NameCheap,21/06/2020 05:03,21/06/2026 05:03,
62c66ff7-5be5-45f4-941d-e7c24616c420,power.courses,premium,116,116,high,medium,5,namesilo,,,08/09/2026 07:25
a3ebf7c4-3b76-41b8-8427-ccf7e50191bb,energy.tech,resell,,,high,medium,6,Namify Domains Inc,16/02/2021 19:40,16/02/2029 23:59,01/10/2026 16:04
e1d49f38-68ad-4ae9-8107-013185d8c2c5,power.furniture,available,,,high,medium,5,,,,
754a019f-de16-4b01-84ee-576ef9bd6627,power.kiwi,premium,81.9,81.9,high,medium,5,namecheap,,,08/09/2026 07:25
cb7855e1-d3f5-479c-979e-8595f8ba8385,energy.parts,premium,78.54,78.54,high,medium,6,namesilo,,,01/10/2026 16:04
b08885a5-b486-45ef-8410-5f84d341d034,energy.horse,premium,83,26.08,high,medium,6,spaceship,,,01/10/2026 16:04
d8e4d6ab-2798-4f41-ba72-0612035c2a13,power.cam,premium,1950,18.2,high,medium,5,namecheap,,,08/09/2026 07:25
79eaee31-4446-4b26-a311-b05c0a2b0c24,energy.dentist,premium,102.67,102.67,high,medium,6,spaceship,,,01/10/2026 16:04
6de42359-5f7d-4dd4-b90b-74e4384070bf,power.tienda,available,,,high,medium,5,,,,
d182418d-92f0-48ea-af40-9e80f808fb63,power.pink,resell,,,high,medium,5,"GoDaddy.com, LLC",02/10/2025 14:11,02/10/2027 14:11,03/10/2026 04:43
b14edbf2-21e2-415e-aa26-860434d91ad6,energy.best,premium,81.57,81.57,high,medium,6,spaceship,,,01/10/2026 16:04
f593f58c-cff4-4668-939b-6f39a1efde41,power.autos,premium,845,15.73,high,medium,5,namecheap,,,
c5a5d40c-9c06-4a65-8fcb-486c5b1f06cd,power.live,resell,,,high,medium,5,"Global Domains International, Inc. DBA DomainCostClub.com",20/11/2025 15:15,20/11/2026 15:15,26/09/2026 08:16
72bbe364-777f-453b-a66a-ee625986bfed,power.holiday,available,,,high,medium,5,,,,
e454dc3d-ce36-4f21-a1ee-b8df70d6fb73,power.im,available,,,high,medium,5,,,,
714f33e7-ebd6-44bb-ab8d-dc8530cdf41d,power.business,resell,,,high,medium,5,Porkbun LLC,10/12/2014 14:55,10/12/2026 14:55,26/09/2026 08:16
77e0bba0-f5c8-47a8-986a-ccf77b331f9e,power.juegos,available,,,high,medium,5,,,,
21fba7c2-6474-4b70-ad51-05a9b1c5599f,energy.republican,available,7.49,28.99,high,medium,6,namesilo,,,01/10/2026 16:04
1809d4bc-a518-4c33-919c-413641e33c00,power.osaka,available,,,high,medium,5,,,,
9cb68219-8312-4814-bce6-420f02236f66,power.engineer,premium,1107,1107,high,medium,5,namesilo,,,08/09/2026 07:25
e0faefa3-de39-431f-8336-148939f6c009,power.giving,available,,,high,medium,5,,,,
a1bf2cbf-579d-4580-a1d7-742602c6ecf3,energy.camera,available,45.2,45.2,high,medium,6,cloudflare,,,01/10/2026 16:04
dea7794e-cf54-4235-b0e7-a8b9bd68e703,power.style,resell,,,high,medium,5,united-domains GmbH,21/11/2023 11:19,21/11/2026 11:19,26/09/2026 08:17
640cf246-6a34-4bef-b5bc-169800e84bc7,energy.democrat,available,5.38,26.08,high,medium,6,spaceship,,,01/10/2026 16:04
e2183417-a290-4324-9b7c-aa49bf088e37,power.red,premium,768,768,high,medium,5,namesilo,,,08/09/2026 07:25
3ae3adba-1f53-4481-86b6-8fb28ba04e4d,power.cv,premium,2609.75,87.75,high,medium,5,namecheap,,,08/09/2026 07:25
2c42d7db-26dd-446d-b99e-6bebf9cc095e,energy.red,resell,,,high,medium,6,"Spaceship, Inc.",27/11/2020 14:31,27/11/2026 14:31,01/10/2026 16:04
8fa77697-73c5-4c20-a657-50ce61297418,power.my,premium,1979.22,2827.46,high,medium,5,namecheap,,,08/09/2026 07:25
81df63af-840e-449c-a1cd-53a0224fc430,energy.loan,premium,2729.67,109.69,high,medium,6,porkbun,,,01/10/2026 16:04
f15d154d-d4ca-43f4-918a-af0c8a523baa,energy.wedding,premium,47.2,29.5,high,medium,6,namesilo,,,01/10/2026 16:04
ab24ef5b-8641-4587-87c4-fb5ac5dfeab6,energy.audio,premium,672.95,672.95,high,medium,6,spaceship,,,01/10/2026 16:04
24d25a81-84f2-47a6-bf6b-0db79a8c66b4,power.auto,available,1999.99,2199,high,medium,5,namesilo,,,08/09/2026 07:25
57d6ce90-1b08-4daa-b885-3a8744ced71b,power.productions,premium,85.8,85.8,high,medium,5,namecheap,,,
0e2f6043-b2ca-4d3e-8582-7c94af70d427,power.yachts,premium,845,15.73,high,medium,5,namecheap,,,
c430daf2-5c1e-4455-9f3b-c0365cb9affb,power.monster,premium,650,15.73,high,medium,5,namecheap,,,
291c420f-7a40-458d-8398-5a857582eb64,power.navy,available,,,high,medium,5,,,,
91324dad-2eef-4e29-9fc4-c9e0e05458a9,power.makeup,premium,832,832,high,medium,5,namesilo,,,08/09/2026 07:25
d4c2f1a3-392b-42c6-8456-0ce46df94034,power.moi,available,25.99,25.99,high,medium,5,namesilo,,,08/09/2026 07:25
76b994fa-29fe-4ffe-8999-0674da29a9ea,power.claims,available,,,high,medium,5,,,,
dd0a78d0-bd52-4dd7-ae32-0066b67cbe7d,power.ac,available,,,high,medium,5,,,,
0e310a59-1636-4297-9069-028cce8ee88e,energy.town,resell,42.9,42.9,high,medium,6,Porkbun LLC,20/06/2026 14:44,20/06/2027 14:44,01/10/2026 16:04
c55b0865-7aea-41dc-a31d-a4dd2c8d9e4e,power.mba,available,,,high,medium,5,,,,
8140997f-edc2-4a77-b869-2d9bd41b6a82,power.army,available,,,high,medium,5,,,,
87a4e02c-49f8-4815-9ec3-0967c75f10cb,power.protection,available,1999.99,2049.99,high,medium,5,namesilo,,,08/09/2026 07:25
7b16f124-c90b-48fa-bc0b-3d6c1096879e,energy.download,premium,550,71.5,high,medium,6,dynadot,,,01/10/2026 16:04
e280710e-2750-416d-90ee-c14ff536c7e0,energy.diet,available,100.2,100.2,high,medium,6,cloudflare,,,01/10/2026 16:04
180e5c76-c000-4ed0-8470-f97168ca68eb,power.meme,premium,1690,1690,high,medium,5,namecheap,,,08/09/2026 07:25
a119295b-94ce-4711-aab5-fe24282af0b4,energy.cricket,available,20.18,20.18,high,medium,6,cloudflare,,,01/10/2026 16:04
63b120ad-f49d-4df5-88e7-6f631ff10cc6,power.condos,available,,,high,medium,5,,,,
800faa86-5506-41a4-9548-a5c737bb7dde,energy.dog,resell,,,high,medium,6,UM DOMAINS PTE. LTD,03/03/2026 15:15,03/03/2027 15:15,01/10/2026 16:04
9ae10efa-bb28-427a-b83a-8ef12e4aae2c,power.guide,available,,,high,medium,5,,,,
0d508994-ee07-4e8c-9145-d50f6d4470af,power.now,resell,,,high,medium,5,Porkbun LLC,30/09/2024 21:07,30/09/2027 21:07,26/09/2026 08:16
fde3043c-e1bf-4c09-a128-4c581aa896b5,power.estate,available,,,high,medium,5,,,,
a1f83eb4-7240-465b-9ab4-af56d0937439,power.site,premium,3250,13000,high,medium,5,namecheap,,,08/09/2026 07:25
632743ca-a15e-4ae8-a2a8-161b4e86e3cf,power.investments,premium,242,242,high,medium,5,namesilo,,,08/09/2026 07:25
cd2b53a7-6f7b-45d4-bdc9-9bb2aa2d2667,power.college,premium,640,640,high,medium,5,namesilo,,,08/09/2026 07:25
52dcbc92-44e8-46b1-93b3-2cf995a3c9f1,energy.sexy,available,2675.22,2675.22,high,medium,6,dynadot,,,01/10/2026 16:04
0fa82604-fd21-46a5-83ec-6dad64823182,power.limo,available,,,high,medium,5,,,,
d17086c1-e941-4592-a557-19ca5c19c783,power.rodeo,premium,242,11.8,high,medium,5,namesilo,,,08/09/2026 07:25
586cec85-efdf-4d91-aeff-4d09be19bfa0,power.systems,premium,512,512,high,medium,5,namesilo,,,08/09/2026 07:25
d028360d-4942-469c-885d-befd208ca5aa,power.fun,premium,812.5,3250,high,medium,5,namecheap,,,08/09/2026 07:25
f8ebf9f3-111d-4922-b501-b93617639cd2,energy.cam,premium,880,15.2,high,medium,6,dynadot,,,01/10/2026 16:04
7d25342e-10e7-485f-b612-dc4c9f3d0c62,energy.surf,premium,47.2,29.5,high,medium,6,namesilo,,,01/10/2026 16:04
39c686cf-7158-4c48-a4d7-fd804c6f1749,energy.gripe,premium,36.3,36.3,high,medium,6,dynadot,,,01/10/2026 16:04
8231b97b-ddd9-48de-9a6e-da3322d57d33,power.online,premium,1562.5,6250,high,medium,5,name.com,,,
867fbd09-2efd-4e46-b2f8-787eca2f810b,power.boston,premium,242,21.24,high,medium,5,namesilo,,,08/09/2026 07:25
45c7b35a-f5bd-4025-acc5-4633d701ea15,power.florist,available,,,high,medium,5,,,,
72a332c1-1777-4e2c-b049-8a0af41e174e,energy.credit,resell,,,high,medium,6,Epik LLC,08/06/2017 17:52,08/06/2027 17:52,01/10/2026 16:04
b8e32eb2-5f5b-4dcb-b4a6-1e8a82403dbf,energy.trade,resell,,,high,medium,6,Porkbun,29/07/2019 12:42,29/07/2030 12:42,01/10/2026 16:04
5b1df722-2636-4d1c-aed2-69cb88f98265,energy.fitness,resell,,,high,medium,6,Dynadot Inc,02/02/2018 18:03,02/02/2027 18:03,01/10/2026 16:04
e4ea21a4-3f5c-48e8-88c1-6eaf73dbf2e4,energy.broker,premium,5500,5500,high,medium,6,dynadot,,,01/10/2026 16:04
e06a48f0-a3ca-4da1-8b2a-9b828ff4715f,power.homes,premium,845,15.73,high,medium,5,namecheap,,,
5dd4b505-b01f-4a6b-93ff-649a5260a818,power.baby,resell,,,high,medium,5,"Xiamen ChinaSource Internet Service Co., Ltd",18/11/2025 21:52,18/11/2026 23:59,26/09/2026 08:16
2d67619a-b831-4adc-8854-35976c1c70dd,power.rehab,available,,,high,medium,5,,,,
6809a5c4-a41d-491d-ad48-e23726f57fa6,energy.toys,available,13.14,51.95,high,medium,6,spaceship,,,01/10/2026 16:04
24b163b1-3437-41fc-a521-5ffe3662039a,power.fan,available,,,high,medium,5,,,,
7df00fb5-9558-411a-9794-f0a71e096363,energy.surgery,premium,118.8,118.8,high,medium,6,namesilo,,,01/10/2026 16:04
689810d3-7b59-46bf-b5b0-ef7735ab8be8,power.cash,resell,,,high,medium,5,"Global Domains International, Inc. DBA DomainCostClub.com",20/11/2025 15:15,20/11/2026 15:15,26/09/2026 08:16
3e3ee44e-9ec4-4f86-b3a7-5f984da72bb6,power.cafe,available,,,high,medium,5,,,,
bfce9614-dba5-4381-bc47-3d940dc18f9a,energy.exposed,premium,220,220,high,medium,6,dynadot,,,01/10/2026 16:04
d1ab40eb-94ae-45ec-99c9-4c0e898e29e6,energy.soccer,available,20.9,20.9,high,medium,6,spaceship,,,01/10/2026 16:04
651c75dd-72d9-4db5-a66c-445cdf110d7f,energy.hosting,available,309.99,429.99,high,medium,6,namesilo,,,01/10/2026 16:04
7e7b1d41-7a60-4fa2-b951-d94f2db6ae53,energy.icu,premium,310.7,621.2,high,medium,6,spaceship,,,01/10/2026 16:04
d2f49513-0994-4908-b618-6d72bbfa3d1f,energy.you,premium,517.7,517.7,high,medium,6,spaceship,,,01/10/2026 16:04
f473679f-56a0-4680-90ab-db1d3c4b4faf,power.diy,premium,1820,2600,high,medium,5,namecheap,,,08/09/2026 07:25
33febae2-b91a-4179-8da7-f65019a0d5a0,energy.talk,premium,640,640,high,medium,6,namesilo,,,01/10/2026 16:04
9279c829-fee2-4c3f-905a-4d1d7544073d,power.delivery,available,,,high,medium,5,,,,
3e632e8f-296f-4ba3-bbad-f12e69bd1f27,energy.racing,premium,103.7,103.7,high,medium,6,spaceship,,,01/10/2026 16:04
db14c6f0-b0fe-4abe-b6e2-2623d468bb0a,power.vacations,available,,,high,medium,5,,,,
0167ea69-1d3f-4eaa-a0e6-957a84ab9dce,power.contractors,resell,,,high,medium,5,"NameSilo, LLC",07/03/2021 10:17,07/03/2027 10:17,26/09/2026 08:16
c8ae7ffe-652d-443a-90c1-7be9e256063a,power.photography,available,,,high,medium,5,,,,
06295bfb-305f-40b3-878d-448c93fdd0e1,power.space,premium,1625,6500,high,medium,5,namecheap,,,08/09/2026 07:25
b974977e-4be9-4df4-92b5-59c0760a2e47,energy.auction,premium,512,512,high,medium,6,namesilo,,,01/10/2026 16:04
26601144-52f6-4ec1-97ba-b5c84c286481,energy.cruises,available,44.71,44.71,high,medium,6,spaceship,,,01/10/2026 16:04
2ed70031-49bb-4a84-a7bf-1244af1db2ef,energy.poker,premium,517.7,517.7,high,medium,6,spaceship,,,01/10/2026 16:04
84c1c2cc-0e3d-48ec-a291-511c44c9ae34,energy.luxury,available,26,26,high,medium,6,spaceship,,,01/10/2026 16:04
0e36e147-5ecf-447f-9ef3-cffcc7d65996,power.villas,available,,,high,medium,5,,,,
bc731cce-22ea-40cb-bfd3-df15e427e7bc,energy.tours,resell,,,high,medium,6,"Sav.com, LLC - 38",04/01/2026 15:15,04/01/2027 15:15,01/10/2026 16:04
8aee038b-2a9b-4acd-9a71-f9b1cda3d980,power.sbs,premium,384,768,high,medium,5,namesilo,,,08/09/2026 07:25
96f034ed-85d6-4e40-8870-5e57653012e7,energy.business,resell,,,high,medium,6,Porkbun LLC,08/12/2014 19:02,08/12/2026 19:02,01/10/2026 16:04
1010fd07-6154-4567-b518-6aae5c4f4794,power.express,available,,,high,medium,5,,,,
70c86d3c-a1cc-4d06-a732-d968d93ff820,energy.film,available,65.99,65.99,high,medium,6,namesilo,,,01/10/2026 16:04
fcad1ae1-06af-44b9-be1f-c6a0ca3731d1,power.gay,premium,832,832,high,medium,5,namesilo,,,08/09/2026 07:25
a8e4f91c-fe3f-4295-ba35-e5a08f62bc45,energy.bar,premium,6210,6210,high,medium,6,namesilo,,,01/10/2026 16:04
f6cc9d25-3aed-4dc1-a68b-e714aac370fe,energy.diy,premium,455,650,high,medium,6,namecheap,,,01/10/2026 16:04
b8797ad2-049b-4e5f-a754-8c6528569355,power.salon,available,,,high,medium,5,,,,
21a75c1d-850f-49b5-8950-6aa94127df56,power.camp,available,,,high,medium,5,,,,
8170036a-26d0-4b72-bd84-b9ce421510fa,energy.nyc,resell,,,high,medium,6,Hello Internet Corp.,11/10/2016 13:27,10/10/2027 23:59,01/10/2026 16:04
5d007371-111c-4dfd-8a15-9bb102dc4c6f,power.futbol,available,,,high,medium,5,,,,
633d4c83-3f8c-4933-8124-ecdf00f720fa,power.glass,available,,,high,medium,5,,,,
803f3097-c924-4831-a5eb-df76ed77653f,power.team,available,,,high,medium,5,,,,
7e5fd16a-c45f-413b-a760-32182ee61c9b,energy.uk,resell,,,high,medium,6,Global Domains Limited t/a Global Domains Limited,24/04/2019 10:48,24/04/2027 10:48,01/10/2026 16:04
b9fce40a-9c29-4c33-bed6-419e23d93b82,energy.cc,resell,,,high,medium,6,"GoDaddy.com, LLC",05/11/2002 10:38,05/11/2027 09:38,01/10/2026 16:04
eeeca832-260c-46d2-ac9e-4a4186d4901e,power.holdings,available,,,high,medium,5,,,,
8b677193-7495-4306-a03f-2bb825c7dafa,power.hair,premium,832,832,high,medium,5,namesilo,,,08/09/2026 07:25
4779481d-8301-4bcc-8540-05e166a122f7,energy.hamburg,available,69.98,73.98,high,medium,6,namecheap,,,01/10/2026 16:04
e28ed56f-a362-4ecf-8a96-f8699cdda29f,energy.games,resell,,,high,medium,6,"DNSPod, Inc.",22/01/2021 07:45,22/01/2027 07:45,01/10/2026 16:04
d83f1c85-167e-4658-962d-58c1918dbc7b,power.coupons,available,,,high,medium,5,,,,
87141b50-edde-418e-be8a-e989412a266c,power.voting,available,1398,1448,high,medium,5,namecheap,,,08/09/2026 07:25
0410cccd-a83d-45ec-89fb-34fe079156f2,power.mobile,premium,1300,1300,high,medium,5,namecheap,,,08/09/2026 07:25
1e64ab75-6d9a-48da-afd8-dcc477eb8fbc,power.foundation,resell,,,high,medium,5,Dynadot Inc,04/01/2026 17:31,04/01/2027 17:31,26/09/2026 08:16
13b4533c-0864-4710-a7d4-3a247ad26893,power.bio,available,,,high,medium,5,,,,
84a3798c-4663-4412-b01b-d025dfc871a6,power.university,available,,,high,medium,5,,,,
ebcc1b0f-f187-44b7-8617-04126d71f830,energy.spot,premium,546.35,546.35,high,medium,6,porkbun,,,01/10/2026 16:04
2a412e68-a512-4bae-a0f6-1fba7c2d35b4,energy.furniture,available,27.99,94.99,high,medium,6,namesilo,,,01/10/2026 16:04
8c881a08-7f8d-44ac-a580-28db9a47319f,power.dating,premium,118.8,118.8,high,medium,5,namesilo,,,08/09/2026 07:25
2f0dcdb4-b1dd-4e6d-bcb3-d4940cf2217d,energy.condos,premium,102.67,102.67,high,medium,6,spaceship,,,01/10/2026 16:04
e4abebfc-13a0-4c5a-ac8d-18bad869dc59,power.graphics,available,,,high,medium,5,,,,
53d78681-1900-4bd4-be1a-03eb667233c5,power.plumbing,available,,,high,medium,5,,,,
51eeb1e8-8701-4966-9bff-790e14db5c2d,energy.kiwi,premium,58.5,58.5,high,medium,6,namecheap,,,01/10/2026 16:04
4257e53c-b2d8-4602-8d7e-07834b0f79e6,power.vision,available,,,high,medium,5,,,,
45f04846-5721-4d73-abcf-69f4037b2154,power.enterprises,available,,,high,medium,5,,,,
ef068033-6312-43d4-b8a9-cc40a57b5439,power.bz,resell,25,,high,medium,5,Porkbun LLC,24/03/2026 13:15,24/03/2027 13:15,26/09/2026 08:16
71b6f84d-c95c-4dda-af58-ef49dc4bb8d3,energy.shiksha,premium,2600,2600,high,medium,6,namecheap,,,01/10/2026 16:04
d306b892-fa54-4427-b850-cedc2e735fa2,energy.fast,premium,640,640,high,medium,6,namesilo,,,01/10/2026 16:04
8f31e247-a7b0-454b-9dd7-58f4d3b268cf,power.reisen,available,,,high,medium,5,,,,
4a4386fa-2593-4c77-b980-fe7f43cf396c,energy.land,resell,,,high,medium,6,Dynadot Inc,08/05/2022 13:15,08/05/2027 13:15,01/10/2026 16:04
1d2dfe9c-92f3-40d9-8683-184348d415b9,energy.watch,premium,512,512,high,medium,6,namesilo,,,01/10/2026 16:04
bbeaba44-e50d-42e5-9036-51c9b3b6086c,power.hiv,available,195.99,195.99,high,medium,5,namesilo,,,08/09/2026 07:25
280c1125-6807-4f99-a1cc-cd83f06fb459,power.lease,available,,,high,medium,5,,,,
86eee463-5ec1-418e-9c8c-2a3495ffdeb7,power.computer,available,,,high,medium,5,,,,
333c8c77-1581-46a7-934d-10e7a79f7c4b,power.rentals,available,,,high,medium,5,,,,
6485e835-e1ee-4647-82c6-e642bc71c1e7,power.doctor,available,,,high,medium,5,,,,
bc2184fe-9015-4405-8c30-e799bf320324,power.rest,premium,819,1170,high,medium,5,namecheap,,,08/09/2026 07:25
70e37720-deb0-474c-bb4d-0bc937e298fc,energy.car,available,2070,2400,high,medium,6,namecheap,,,01/10/2026 16:04
e1c59bde-1089-44f1-adf4-89bf2cd7bbb7,power.zip,premium,1298.7,1298.7,high,medium,5,namecheap,,,08/09/2026 07:25
b37c6ce0-c9bc-4a23-b6ea-0ae07166bd6d,energy.channel,premium,516.67,516.67,high,medium,6,spaceship,,,01/10/2026 16:04
f12efa5b-5770-45dc-828a-647f130ec75f,power.dog,available,,,high,medium,5,,,,
b7044df9-1ae4-448a-98a4-d5952edef437,energy.onl,resell,,,high,medium,6,Porkbun LLC,28/05/2025 05:07,28/05/2027 05:07,01/10/2026 16:04
225f2f4f-0f04-4b3d-a787-0b51dad8225d,energy.clothing,available,10.92,26.97,high,medium,6,dynadot,,,01/10/2026 16:04
fb7475d3-edfa-49a4-8e7c-04519361f7f7,power.adult,available,,,high,medium,5,,,,
f5f7df07-f1cf-4342-83aa-281da95d6063,energy.live,resell,,,high,medium,6,"GoDaddy.com, LLC",22/04/2016 03:35,22/04/2027 03:35,01/10/2026 16:04
0f64d396-eff1-41ba-abb0-8d177dea0ee7,energy.memorial,premium,118.8,118.8,high,medium,6,namesilo,,,01/10/2026 16:04
5873d251-a147-485a-81ee-a9b97abbc310,energy.rip,available,18.2,18.2,high,medium,6,cloudflare,,,01/10/2026 16:04
f99ad3e0-1a20-460e-b801-dcd5b56c664b,power.fans,premium,455,910,high,medium,5,namecheap,,,08/09/2026 07:25
81aff552-02f5-44da-8f51-a629da140b59,power.voyage,available,,,high,medium,5,,,,
511956bf-48a0-4ca8-a87f-112abea7a01c,energy.vodka,premium,96,29.5,high,medium,6,namesilo,,,01/10/2026 16:04
7ae5096a-f992-4883-b173-417beb465627,energy.careers,premium,414.2,414.2,high,medium,6,spaceship,,,01/10/2026 16:04
a2d7e7f6-346e-4d15-a094-e179bb67070a,energy.diamonds,available,43.77,43.77,high,medium,6,porkbun,,,01/10/2026 16:04
83059caf-87c8-4538-917c-2caff8f7404c,power.barcelona,available,38.98,38.98,high,medium,5,namecheap,,,08/09/2026 07:25
15f41e95-6aa0-4e44-b167-c780827d2083,energy.law,resell,,,high,medium,6,"GoDaddy.com, LLC",20/08/2020 18:28,20/08/2028 18:28,01/10/2026 16:04
f8faa81f-a84f-4a30-b6e0-4c2cf81a02be,energy.world,resell,,,high,medium,6,Porkbun LLC,12/01/2015 20:56,12/01/2027 20:56,01/10/2026 16:04
0df14983-8d83-4a2d-b869-6b02331c822e,energy.shoes,available,31.25,51.95,high,medium,6,spaceship,,,01/10/2026 16:04
907385f8-5c2b-44ea-85bd-034344fa3122,power.place,available,,,high,medium,5,,,,
652e9cbc-f5d2-4240-ab2d-483cea8da7e3,energy.how,premium,568.42,568.42,high,medium,6,spaceship,,,01/10/2026 16:04
1a76dc2b-5b26-4b88-84ef-c4eef67f1503,power.bot,premium,3250,3250,high,medium,5,namecheap,,,08/09/2026 07:25
40e1b800-c294-4108-b2c6-938719200d8e,energy.srl,premium,54.28,30.68,high,medium,6,namesilo,,,01/10/2026 16:04
32a071ea-1edc-431f-919e-d8faf1df47c2,power.education,available,,,high,medium,5,,,,
14346d0a-2729-4db0-9ad4-d2c6afc60bf5,power.voto,available,,,high,medium,5,,,,
59d06e23-e589-4978-ae7c-628f9a6f98bf,power.world,available,,,high,medium,5,,,,
f12ff9d4-1386-456b-bc97-52189ba2a62c,energy.football,available,20.9,20.9,high,medium,6,spaceship,,,01/10/2026 16:04
fa13ff41-3695-42aa-a2df-4233cc0f230b,energy.party,resell,,,high,medium,6,"Spaceship, Inc.",27/03/2022 15:44,27/03/2027 15:44,01/10/2026 16:04
d0d5dcbb-4bb9-4e41-8142-670581a2c133,energy.mortgage,premium,242,242,high,medium,6,namesilo,,,01/10/2026 16:04
b39e4cc8-cf3b-413a-9258-817944a10eb6,power.mov,premium,1298.7,1298.7,high,medium,5,namecheap,,,08/09/2026 07:25
e872cb20-821d-42d6-ac01-b544c1a44941,energy.dad,premium,516.67,516.67,high,medium,6,spaceship,,,01/10/2026 16:04
31148849-f20c-49e0-8ae0-691a6a810a77,power.markets,premium,520,520,high,medium,5,namecheap,,,08/09/2026 07:25
c525ea4b-a71e-4724-9ffd-73163dc97c62,power.prof,premium,843.7,843.7,high,medium,5,namecheap,,,08/09/2026 07:25
73239366-5f33-4f14-8ce3-5b64930b042a,energy.reise,available,80.47,80.47,high,medium,6,dynadot,,,01/10/2026 16:04
99d6bd67-3c7c-4f6b-b6ae-30d65f70fd8d,energy.deal,premium,500.5,517.7,high,medium,6,unstoppable,,,01/10/2026 16:04
9c3aa4e7-9aea-42f9-a2a3-7c92bb350e4c,power.vin,available,,,high,medium,5,,,,
b5216f3a-9d0b-4ff1-9c17-82d85ce1c2e7,energy.trading,premium,1035.2,1035.2,high,medium,6,spaceship,,,01/10/2026 16:04
dfce0057-d191-46eb-b5a7-91a590ae3a98,energy.tips,premium,400.5,512,high,medium,6,unstoppable,,,01/10/2026 16:04
e9c0b26d-c3c6-4bb2-8748-3148756cf190,power.flowers,available,64.99,114.99,high,medium,5,namesilo,,,08/09/2026 07:25
6d9f0695-bb87-43a8-838f-aee9815e3175,energy.health,premium,8250,64.42,high,medium,6,dynadot,,,01/10/2026 16:04
b4f14cd2-50f6-469b-a4a7-ca0d560093d5,power.mortgage,available,,,high,medium,5,,,,
b5a2c429-f1a1-42b5-ad66-ca9d124ee5e3,energy.group,resell,,,high,medium,6,"GoDaddy.com, LLC",04/06/2016 16:00,04/06/2027 16:00,01/10/2026 16:04
3b193d95-3825-44fc-8df4-cbaf43f2077b,energy.security,available,1863.2,2000.18,high,medium,6,spaceship,,,01/10/2026 16:04
43431fda-f4de-4b3f-af19-d97970c9d377,power.bingo,available,,,high,medium,5,,,,
0c4e1522-b426-4b9f-afc5-a176d2719001,power.limited,available,,,high,medium,5,,,,
53722af7-37e9-4432-9356-59ec33fa6148,energy.photo,premium,109.69,109.69,high,medium,6,porkbun,,,01/10/2026 16:04
d102141a-0043-4463-bae8-849617601b6c,power.gives,available,7.48,37.98,high,medium,5,namecheap,,,08/09/2026 07:25
cb8bc582-0c7d-4ec1-a380-fd40536f270c,power.maison,available,,,high,medium,5,,,,
ad825de5-bfe2-4f8d-9e03-622d5f7bed81,power.pw,resell,,,high,medium,5,"Name.com, Inc.",03/12/2012 18:54,31/05/2027 23:59,26/09/2026 08:16
7ec05720-c2ef-45ed-b178-1d76e2486260,energy.tienda,available,59.99,59.99,high,medium,6,namesilo,,,01/10/2026 16:04
3fe4660e-7145-45d3-aef9-20e4d9b24ed9,power.hockey,available,,,high,medium,5,,,,
85077984-5fab-4e46-86d6-6a833c653139,energy.camp,premium,218.8,437.19,high,medium,6,porkbun,,,01/10/2026 16:04
7e60ab53-8bd6-4730-ab97-005871f4ea84,energy.yoga,resell,,,high,medium,6,"Spaceship, Inc.",23/04/2021 16:00,23/04/2027 16:00,01/10/2026 16:04
caa1ca0a-5fc2-4aaa-88cc-6e3131d6f1f0,power.repair,available,,,high,medium,5,,,,
da185257-07da-40d0-a172-e2b537fe6b28,power.hospital,available,,,high,medium,5,,,,
c40d3b48-7807-476a-8af9-9e3a5a3db3fb,energy.schule,available,28.99,28.99,high,medium,6,namesilo,,,01/10/2026 16:04
6222be7b-0b53-45e5-b11b-eda5242e715c,energy.coffee,premium,99.5,102.67,high,medium,6,unstoppable,,,01/10/2026 16:04
004a86bc-e78a-4ef6-93fb-8a6446cef0e8,power.rocks,available,,,high,medium,5,,,,
6e3755f8-2b25-435b-b58f-28d136548573,power.republican,available,,,high,medium,5,,,,
86240f1b-55a0-4cc1-a9d7-94ba4351c23b,energy.flights,premium,108.9,108.9,high,medium,6,dynadot,,,01/10/2026 16:04
8df85be4-1106-4e88-9fb7-7a42bfc28b40,power.cruises,available,,,high,medium,5,,,,
211c7c0c-07ce-48a4-852c-b7512bb79ddd,power.support,available,,,high,medium,5,,,,
2d087d1f-3c34-4905-abae-200a3ad2a613,power.berlin,premium,794.3,794.3,high,medium,5,namecheap,,,08/09/2026 07:25
8c9ca0b6-74be-4ee1-8611-a2749cbf59f0,energy.meme,premium,650.2,845,high,medium,6,unstoppable,,,01/10/2026 16:04
7e595c05-9d24-4edb-b3b8-e8ee71fff8a4,energy.faith,premium,640,77.35,high,medium,6,namesilo,,,01/10/2026 16:04
07515c79-b19e-49bc-bcca-ec496d9795c1,power.luxury,premium,520,520,high,medium,5,namecheap,,,08/09/2026 07:25
0e2ecc67-fe93-449a-90d9-d23eb79e2552,energy.graphics,available,23.99,23.99,high,medium,6,namesilo,,,01/10/2026 16:04
b8e96d37-7ffd-46da-b14d-4e72cbc3c922,energy.fish,premium,118.8,118.8,high,medium,6,namesilo,,,01/10/2026 16:04
6edc9d6f-7269-441d-9028-dc27a6b5ad87,energy.zip,premium,499.2,648.7,high,medium,6,unstoppable,,,01/10/2026 16:04
4886e44b-a6f5-4d19-8d24-6ba8f6080398,power.cx,resell,,,high,medium,5,West263 International Limited,16/05/2023 14:41,16/05/2027 14:41,26/09/2026 08:16
807abebe-3b1f-4d23-a1e1-02382b54a9b3,power.soccer,available,,,high,medium,5,,,,
e972ea6c-eeb1-40a0-b984-91731b10b482,energy.travel,available,27.99,149.99,high,medium,6,namesilo,,,01/10/2026 16:04
a0dcac71-f6d9-45f2-9c95-2018b2519e48,power.apartments,available,,,high,medium,5,,,,
e880ff87-6971-413e-a844-f9e5901ae9b8,power.casino,available,,,high,medium,5,,,,
3c48c83d-27a8-4ef1-9fab-2f4a172eae2c,energy.ski,available,20.9,51.95,high,medium,6,spaceship,,,01/10/2026 16:04
5a108dad-8587-4316-95e5-b9bcc10debf4,energy.fm,premium,1086.51,93.1,high,medium,6,porkbun,,,01/10/2026 16:04
5e590c01-bd41-4502-a43d-bbff0690a42c,power.ing,premium,3900,3900,high,medium,5,namecheap,,,08/09/2026 07:25
2d775213-e4be-454b-8a9c-acbd213be4cb,energy.cooking,premium,96,29.5,high,medium,6,namesilo,,,01/10/2026 16:04
98ae329d-5841-40e3-8820-6afd8ec8cb9b,power.run,available,,,high,medium,5,,,,
e7bf09a1-c909-4b50-aee1-5146a9ac3b9f,energy.guitars,available,93.35,103.4,high,medium,6,spaceship,,,01/10/2026 16:04
7651625c-bbe9-4777-b54b-7819c0d7972e,power.onl,premium,65,130,high,medium,5,namecheap,,,
3585fe4f-ca61-4d20-ba48-cca8eabd6663,power.how,premium,474.5,474.5,high,medium,5,namecheap,,,08/09/2026 07:25
6ed1be65-e17b-464d-bcd0-4c1890a77a68,power.observer,premium,854,854,high,medium,5,namesilo,,,08/09/2026 07:25
ff3d3ad1-0ba6-4a51-9998-4ad24f52cdd7,power.contact,available,,,high,medium,5,,,,
a42273c5-d669-4e3f-a3b6-99351226ffe8,energy.locker,premium,517.7,31.25,high,medium,6,spaceship,,,01/10/2026 16:04
a47f866d-7b2c-41f2-858b-816f27c172c1,power.storage,available,509.99,529.99,high,medium,5,namesilo,,,08/09/2026 07:25
8870abf5-fcfa-4246-b222-5fa703ce8cd0,power.tax,available,,,high,medium,5,,,,
be4dd260-4102-489c-b381-e2533c7baba0,power.loans,available,,,high,medium,5,,,,
9660f6d9-9eb3-42a7-b4dd-c4a5cc1cfe57,power.dance,available,,,high,medium,5,,,,
ee5e24d5-70ff-4370-bd85-b222e8ac6bad,power.rich,available,,,high,medium,5,,,,
fada1d73-b6dd-45f7-aa54-4bf914b8c0e8,energy.webcam,premium,640,77.35,high,medium,6,namesilo,,,01/10/2026 16:04
c0b8a725-b3dd-4adf-8891-3b5565589441,power.sexy,premium,13000,13000,high,medium,5,namecheap,,,08/09/2026 07:25
650c3b15-71a7-4c3a-9c22-f27bd8d5cb13,power.black,available,,,high,medium,5,,,,
2fae0489-ad88-46e3-a087-2f4bcc92970b,energy.bingo,available,42.64,42.64,high,medium,6,spaceship,,,01/10/2026 16:04
9200ee46-d68b-4b3e-94ff-c45596e49e43,energy.rehab,premium,242,242,high,medium,6,namesilo,,,01/10/2026 16:04
a7d57e0d-d1f6-4f5e-b6b7-6ab5705edeae,power.software,available,,,high,medium,5,,,,
b54a80d5-41bf-460a-89c9-76d776b532e1,power.press,premium,975,1950,high,medium,5,namecheap,,,08/09/2026 07:25
59522cd3-9ede-4f37-8d45-7c2f0d0e6a99,power.digital,available,,,high,medium,5,,,,
8940f7b5-be8b-47bf-895c-0ce4d7861052,power.tours,premium,118.8,118.8,high,medium,5,namesilo,,,08/09/2026 07:25
ab3aa90d-129a-4986-a9f2-ba71326a19c7,power.theater,available,,,high,medium,5,,,,
eaf8f0c9-38c6-4564-ba47-b8c6a99d12fe,energy.hiphop,available,20.9,20.9,high,medium,6,spaceship,,,01/10/2026 16:04
0024b80b-661c-4898-8a55-918b9e992e84,energy.cv,premium,1042.76,7.76,high,medium,6,spaceship,,,01/10/2026 16:04
3d420cc3-a1f3-45eb-80ce-fc8841708309,power.talk,premium,153.6,153.6,high,medium,5,namesilo,,,08/09/2026 07:25
4082a1eb-3d81-4bb1-91c8-ef01d23363c4,power.reise,available,,,high,medium,5,,,,
6b37b3c0-80cf-47b5-9f44-df0a4a5f608b,power.review,premium,3250,130,high,medium,5,namecheap,,,08/09/2026 07:25
449595e3-a414-4d48-ac5c-075f402ddf93,power.vet,available,,,high,medium,5,,,,
a50b8e92-8886-4c4a-a884-9b96fab3d447,power.band,premium,512,512,high,medium,5,namesilo,,,08/09/2026 07:25
f00e8730-63ad-42a8-85b6-e24d0b79672e,power.ceo,premium,510.98,510.98,high,medium,5,namesilo,,,08/09/2026 07:25
94a7f233-455e-4350-9698-c8ddcbb37f68,energy.school,resell,,,high,medium,6,"Global Domains International, Inc. DBA DomainCostClub.com",19/05/2026 15:15,19/05/2027 15:15,01/10/2026 16:04
5a0072e2-82b4-4eb2-a3d9-9da249ea10b4,power.attorney,premium,1107,1107,high,medium,5,namesilo,,,08/09/2026 07:25
f40887aa-98af-4616-bc63-5e2d81428486,power.living,premium,1820,2600,high,medium,5,namecheap,,,08/09/2026 07:25
f6a4826a-d148-42e0-bb0f-b1c4583fc45e,energy.university,premium,54.36,108.6,high,medium,6,porkbun,,,01/10/2026 16:04
d265ad86-ed05-4911-a573-83f42f91361b,power.exposed,available,,,high,medium,5,,,,
b106abe3-78ca-463f-97a9-e093f40ddec4,energy.top,premium,581.7,581.7,high,medium,6,namecheap,,,01/10/2026 16:04
3cfc2975-8512-4044-981c-4d07ed8d2206,power.travel,available,,,high,medium,5,,,,
21ff7dbe-751b-4209-93b7-1b42278e9895,energy.rsvp,premium,499.2,648.7,high,medium,6,unstoppable,,,01/10/2026 16:04
7d9900c1-7e1c-454d-89b4-76d2446524a4,energy.stream,premium,13800,116,high,medium,6,namesilo,,,01/10/2026 16:04
809c9cdc-7b2b-4499-b08b-6291bec97b16,power.legal,available,,,high,medium,5,,,,
e84e355a-0db0-4849-be3d-81b1c0c690d8,power.ltda,premium,56.64,33.04,high,medium,5,namesilo,,,08/09/2026 07:25
c27692ad-ee3e-4b8e-acac-f1b283a48bbd,power.free,premium,640,640,high,medium,5,namesilo,,,08/09/2026 07:25
8b605ded-c26a-4c00-b324-ea1b71cde618,power.archi,available,,,high,medium,5,,,,
a41e66a8-9506-47c0-b471-1d11963396c2,power.webcam,premium,640,77.35,high,medium,5,namesilo,,,08/09/2026 07:25
6ad19cd2-fde3-4cce-beeb-4c75f59a0be9,power.gripe,available,,,high,medium,5,,,,
2373eaf7-9471-4293-b6d7-9049fd9e6018,energy.ltd,resell,,,high,medium,6,"Sav.com, LLC - 13",17/09/2026 15:15,17/09/2027 15:15,01/10/2026 16:04
1772d17b-b5dc-4a35-8fe7-0ce5140dff6f,power.democrat,available,,,high,medium,5,,,,
e1234b4b-cb16-4384-bc07-b54c5e3418e3,energy.game,premium,1345.7,1345.7,high,medium,6,spaceship,,,01/10/2026 16:04
7b33c1bd-ab28-4735-b413-cb6e88adfb39,power.porn,available,,,high,medium,5,,,,
c79c5b6d-bdbd-4b19-bd23-ea91c4cbbdca,power.fm,premium,1273.6,102,high,medium,5,namesilo,,,08/09/2026 07:25
75f9e818-decd-4a60-b501-e605ec17686c,power.game,premium,1690,1690,high,medium,5,namecheap,,,08/09/2026 07:25
c0c74d4b-e5f3-43b8-a45d-681cd55b2130,power.works,available,,,high,medium,5,,,,
5d8d2e00-07ef-4a56-9fd9-27a3000f1b93,power.menu,available,,,high,medium,5,,,,
1cbf2bc5-b74c-4b8f-8a89-b873748a6366,power.gmbh,available,,,high,medium,5,,,,
d19a7207-1aa0-4930-8231-2fa73db9cdf7,power.download,premium,448,53.92,high,medium,5,namesilo,,,08/09/2026 07:25
b848933b-1eca-4435-a271-b0a19a023595,power.jetzt,available,,,high,medium,5,,,,
94e4f70c-1065-48e4-b149-d81a7e409ffb,power.irish,available,,,high,medium,5,,,,
70931420-6c3e-4e9b-b15d-81e378467358,energy.flowers,available,107.22,107.22,high,medium,6,dynadot,,,01/10/2026 16:04
f198e37c-05fd-4fc1-8782-bf98777eb5ab,power.build,premium,650,650,high,medium,5,namecheap,,,08/09/2026 07:25
5c09ff13-7a1e-4b5a-a2a8-91d4a31529df,energy.estate,available,30.2,30.2,high,medium,6,cloudflare,,,01/10/2026 16:04
96d6cf2c-116b-439b-b688-db905096293e,power.industries,premium,42.9,42.9,high,medium,5,namecheap,,,
25477e63-19ad-444a-8f31-c7f8d26121ce,power.charity,resell,5.99,,high,medium,5,Porkbun LLC,24/03/2026 13:16,24/03/2027 13:16,26/09/2026 08:16
4967f8d1-f51b-427f-88e4-e4c6917e425b,power.page,premium,638.72,638.72,high,medium,5,namesilo,,,08/09/2026 07:25
5480cb28-764f-4a08-a9a4-9fd636c5cdff,power.ryukyu,available,,,high,medium,5,,,,
5d23872a-7e25-4039-8c52-631daa18f2c8,power.wtf,available,,,high,medium,5,,,,
e732fb52-5809-4fcf-91a6-10e5573a0c41,energy.mobile,premium,1100,1100,high,medium,6,dynadot,,,01/10/2026 16:04
7c8dde7c-3cd2-4c73-b703-b1da6b13b150,energy.country,available,2064.2,2064.2,high,medium,6,spaceship,,,01/10/2026 16:04
64d19197-abf5-4430-ae6e-6e2ebffe777d,power.lawyer,premium,1107,1107,high,medium,5,namesilo,,,08/09/2026 07:25
de8c84f5-5e61-49f0-98ed-25c48867fecc,power.memorial,available,,,high,medium,5,,,,
2bf71c77-db7f-4205-95b6-bb7e5167f6ac,power.tennis,available,,,high,medium,5,,,,
0e9c0ca9-9bc2-4f08-a9e8-507a8ce545c8,power.dental,available,,,high,medium,5,,,,
1adc931f-1b3f-4ab8-8520-d55790970823,power.ski,premium,118.8,118.8,high,medium,5,namesilo,,,08/09/2026 07:25
87551b0f-f4c3-4817-9b04-71ef530bf869,energy.lifestyle,premium,362.45,517.7,high,medium,6,spaceship,,,01/10/2026 16:04
577b4346-d2f7-4fd7-a520-564406881ca9,power.theatre,available,509.99,529.99,high,medium,5,namesilo,,,08/09/2026 07:25
59305f9f-040b-4347-aee7-5923a0882b92,energy.show,resell,,,high,medium,6,"Chengdu West Dimension Digital Technology Co., Ltd.",22/02/2019 23:23,22/02/2027 23:23,01/10/2026 16:04
2a90fedd-a04c-4583-9cfe-0cf40a4b8423,energy.blackfriday,available,128.98,134.98,high,medium,6,namecheap,,,01/10/2026 16:04
0d8f0951-22f9-49ae-8a9f-730309d6da95,power.kim,available,,,high,medium,5,,,,
b7219041-105f-40c6-9c3a-d14520c0cfa3,power.gifts,available,,,high,medium,5,,,,
ec2e8fe8-e1e6-46e7-a88b-061a6be94f78,energy.moe,premium,302.5,14.16,high,medium,6,namesilo,,,01/10/2026 16:04
2ee13f71-2062-4a4c-97fe-e332b2c606bc,energy.fashion,resell,,,high,medium,6,West263 International Limited,31/05/2026 13:46,31/05/2027 13:46,01/10/2026 16:04
cdef28bd-7dc4-4b7e-91ce-3dff191af2e9,energy.press,premium,1107,1107,high,medium,6,namesilo,,,01/10/2026 16:04
c9954911-b5b7-4dcf-bde2-1d8c07a16fcf,energy.date,premium,310.7,51.95,high,medium,6,spaceship,,,01/10/2026 16:04
0231bda2-d6c4-4009-a820-9a17f06925be,power.movie,available,,,high,medium,5,,,,
34ab6cc2-5465-426b-af10-a8842de49469,power.moda,available,,,high,medium,5,,,,
cd8ab985-6180-40c5-b91f-4d5ceefaf0c7,power.actor,available,,,high,medium,5,,,,
b0e130a6-788f-426f-a224-7fea6d706df2,energy.courses,premium,640,640,high,medium,6,namesilo,,,01/10/2026 16:04
e78ec044-fa8d-40d9-b43e-330d75e5d212,energy.day,premium,516.67,516.67,high,medium,6,spaceship,,,01/10/2026 16:04
1ece0644-548b-485e-868e-e5451955a909,power.cyou,premium,384,768,high,medium,5,namesilo,,,08/09/2026 07:25
21d44c72-22e0-4451-8eb5-0f2e93c568b2,energy.exchange,resell,,,high,medium,6,1API GmbH,04/03/2019 23:41,04/03/2027 23:41,01/10/2026 16:04
91314ffc-a445-46ee-ad0a-069cc04299ec,energy.college,premium,640,640,high,medium,6,namesilo,,,01/10/2026 16:04
5a827591-17f2-4e86-9e95-05b2f2a92455,energy.creditcard,premium,207.2,207.2,high,medium,6,spaceship,,,01/10/2026 16:04
ec34bf4a-d522-4e77-b4b9-8ea35c11cee4,energy.space,premium,2750,11000,high,medium,6,dynadot,,,01/10/2026 16:04
2aedcf0d-3fa7-47f8-93a1-140aecb23292,power.vodka,premium,96,29.5,high,medium,5,namesilo,,,08/09/2026 07:25
44201bd8-daa5-41d6-9dd2-0751e73529ef,energy.win,premium,448,53.92,high,medium,6,namesilo,,,01/10/2026 16:04
7eec74ba-f5d5-4101-aa99-0aef4447c439,power.fyi,resell,,,high,medium,5,Porkbun LLC,11/09/2025 19:35,11/09/2027 19:35,26/09/2026 08:16
fb725b12-bcf2-4451-b850-fac73a97a0ea,energy.limo,available,43.67,43.67,high,medium,6,spaceship,,,01/10/2026 16:04
bb914b03-5f75-4f89-8dab-6b7014920c11,energy.living,premium,640,640,high,medium,6,namesilo,,,01/10/2026 16:04
a5398f77-1530-4c7c-b44d-2bba39300edb,energy.theater,available,51.95,51.95,high,medium,6,spaceship,,,01/10/2026 16:04
0d36a808-d4db-4f10-94f2-f1e9b7ed5d7e,energy.sbs,premium,384,768,high,medium,6,namesilo,,,01/10/2026 16:04
b09339e6-88b0-4456-a7a2-214a74454807,power.qpon,premium,3450,23.54,high,medium,5,namesilo,,,08/09/2026 07:25
1fa8d23b-c6a7-42a4-8c14-5185683b696d,power.beauty,premium,832,832,high,medium,5,namesilo,,,08/09/2026 07:25
2b0a45b2-7753-42e2-9167-97f86cbdeb81,power.jewelry,available,,,high,medium,5,,,,
43983597-49d9-4b8e-8c82-73ff33bafb0b,power.hamburg,available,69.98,73.98,high,medium,5,namecheap,,,08/09/2026 07:25
c5e62439-98e5-4dd8-a347-6dad3d004bae,energy.futbol,available,13.2,13.2,high,medium,6,cloudflare,,,01/10/2026 16:04
429ceb46-1d05-4efb-a9d3-49c02fef1add,power.engineering,premium,512,512,high,medium,5,namesilo,,,08/09/2026 07:25
90b19fad-5833-4894-877b-f867797bcc91,power.property,available,,,high,medium,5,,,,
fcfbed50-e7e2-4641-8297-99c6e123193a,energy.jetzt,available,7.72,19.05,high,medium,6,porkbun,,,01/10/2026 16:04
14233b0d-8715-4c06-b825-c9a3ff1a8dcf,energy.immobilien,available,30.22,30.22,high,medium,6,spaceship,,,01/10/2026 16:04
dc4e6d79-d5d4-4c00-a4fe-e83caef8a2b9,energy.uno,premium,3450,3450,high,medium,6,namesilo,,,01/10/2026 16:04
1d0077b1-712d-41a4-b246-66486ad582e1,energy.degree,available,41.6,41.6,high,medium,6,spaceship,,,01/10/2026 16:04
a8b70998-5baa-4e40-bbc9-f13245f16d4e,energy.software,premium,2587.7,2587.7,high,medium,6,spaceship,,,01/10/2026 16:04
cf7877f9-e88e-4e3e-a9b6-e180eba8b2ab,power.luxe,premium,854,17.7,high,medium,5,namesilo,,,08/09/2026 07:25
197b477c-a896-4782-b3df-10b51ff0ff7f,energy.phd,premium,843.7,843.7,high,medium,6,namecheap,,,01/10/2026 16:04
07b3ee1a-17f3-4ebf-9454-f990720794b8,power.country,available,2298,2450,high,medium,5,namecheap,,,08/09/2026 07:25
b4734a17-bb28-4e2b-bb5f-b4a0d8809915,energy.fishing,premium,41.6,26.08,high,medium,6,spaceship,,,01/10/2026 16:04
b8af5972-9aa3-4bea-bbe9-60499c639ba6,power.pizza,available,,,high,medium,5,,,,
c340222d-61c4-4044-b3b8-d0fa1f2f5f46,power.schule,available,,,high,medium,5,,,,
13c86455-4ca0-4daf-b14f-18cd548ec57c,power.recipes,available,,,high,medium,5,,,,
cf7a3580-51ee-4235-aa73-1a71318122d2,power.shopping,available,,,high,medium,5,,,,
fa9a6ce2-fd16-4dd9-8e99-28ae0b6965d5,power.bargains,available,,,high,medium,5,,,,
9bb4f4f4-d47f-45c8-a7e6-3452acbe0917,power.clothing,available,,,high,medium,5,,,,
a12646fa-8557-4e33-82a5-680790aa6330,power.spot,premium,640,640,high,medium,5,namesilo,,,08/09/2026 07:25
b7c82ade-0ebb-4186-aa14-0e489bd68aff,energy.soy,premium,499.2,545.26,high,medium,6,unstoppable,,,01/10/2026 16:04
2b86c7bc-adbc-4e7a-aaab-a6cc77310dba,energy.healthcare,available,88.99,88.99,high,medium,6,namesilo,,,01/10/2026 16:04
b124472c-c790-4d54-96aa-717feca47229,power.dad,premium,648.7,648.7,high,medium,5,namecheap,,,08/09/2026 07:25
6e2729f6-05e7-4ef2-809c-7ffd25882e26,energy.bargains,premium,440,440,high,medium,6,dynadot,,,01/10/2026 16:04
cf881720-803b-4ec7-8ac3-98685e9d8195,power.cheap,available,,,high,medium,5,,,,
5736c73d-281f-4f9f-b3cb-0d2db609b24b,energy.fun,premium,647.08,2587.7,high,medium,6,spaceship,,,01/10/2026 16:04
aca8a7fd-7284-491c-a9cb-3d924b54f644,energy.theatre,available,465.95,500.18,high,medium,6,spaceship,,,01/10/2026 16:04
e7722793-3d3b-4024-8ae6-5cc1c2201910,energy.church,available,13.5,48.37,high,medium,6,unstoppable,,,01/10/2026 16:04
e041239a-7f0d-4a12-af59-ec263e42428e,energy.holiday,available,50.2,50.2,high,medium,6,cloudflare,,,01/10/2026 16:04
910f6198-a3e9-466b-bad9-697d765dc2dc,energy.catering,premium,78.54,78.54,high,medium,6,namesilo,,,01/10/2026 16:04
fb40e6bf-caa5-4bd1-9e22-1fe6b763dd0d,energy.actor,premium,78.54,78.54,high,medium,6,namesilo,,,01/10/2026 16:04
ace0e763-65ca-4d53-93f6-aed3cd742f22,energy.cool,resell,,,high,medium,6,Squarespace Domains II LLC,04/07/2015 06:19,04/07/2027 06:19,01/10/2026 16:04
80dda5e3-8e39-4b0d-acfe-0caf5790113b,energy.hospital,available,45.83,45.83,high,medium,6,porkbun,,,01/10/2026 16:04
822a2cf1-600c-4d60-9dc4-dd6386288db9,energy.free,premium,517.7,517.7,high,medium,6,spaceship,,,01/10/2026 16:04
732f9b5c-5240-4933-aec5-f1b9260a8994,energy.ing,premium,1690,1690,high,medium,6,namecheap,,,01/10/2026 16:04
31f21f41-b794-422c-90e1-82bd53dd903b,energy.mx,resell,,,high,medium,6,Registrar.eu,10/12/2022 00:00,10/12/2026 00:00,01/10/2026 16:04
a9650f30-e830-46ce-9118-ed1e6f21ad5a,energy.tennis,available,67.98,81.98,high,medium,6,namecheap,,,01/10/2026 16:04
43ff6412-ddf4-4bea-873a-7bb264c11398,energy.page,premium,638.72,638.72,high,medium,6,namesilo,,,01/10/2026 16:04
003252c7-84a1-4251-97f1-8aee384df531,energy.mov,premium,516.67,516.67,high,medium,6,spaceship,,,01/10/2026 16:04
1d96f40f-c0aa-48f0-9e89-a3f8873e6329,energy.fail,premium,118.8,118.8,high,medium,6,namesilo,,,01/10/2026 16:04
44985b36-1855-4f17-acfb-86ca08c8c82d,energy.online,premium,25000.2,25875.2,high,medium,6,unstoppable,,,01/10/2026 16:04
1d4b5d78-91aa-4459-9621-e5fc7c9243c1,energy.ac,resell,,,high,medium,6,"GoDaddy.com, LLC",12/07/2022 13:15,12/07/2027 13:15,01/10/2026 16:04
0ea2f79f-7b26-4e1e-b0f4-70b68a1c2760,energy.host,premium,517.7,1035.2,high,medium,6,spaceship,,,01/10/2026 16:04
11e07d77-26e0-4d3b-a623-1935f7a41437,energy.hiv,available,184.9,184.9,high,medium,6,spaceship,,,01/10/2026 16:04
c05afbf3-378b-4e58-8b3b-ff17790535c8,energy.cx,resell,,,high,medium,6,West263 International Limited,25/04/2025 16:25,25/04/2027 16:25,01/10/2026 16:04
47557a9f-b00f-4103-ab0d-162fa92d4a6a,energy.shopping,premium,414.2,414.2,high,medium,6,spaceship,,,01/10/2026 16:04
e7aa7769-d2e3-409a-a538-e2b0e887a715,energy.berlin,resell,6371.43,75.99,high,medium,6,name.com,02/07/2014 21:02,02/07/2027 21:02,01/10/2026 16:04
26e843ed-2ec2-4ca7-9a1c-d5bdbecc5bfc,energy.guide,resell,,,high,medium,6,Dynadot Inc,27/07/2015 07:25,27/07/2027 07:25,01/10/2026 16:04
2ef0f7b3-b6d7-42c1-84e9-7693774ecf80,energy.style,resell,,,high,medium,6,Dynadot Inc,22/04/2023 08:57,22/04/2027 08:57,01/10/2026 16:04
9c62def1-545f-4bfb-bf19-2a4dd75f110f,energy.cars,available,1863.2,2064.2,high,medium,6,spaceship,,,01/10/2026 16:04
5b0be9e6-2b06-4665-9ebc-8280b61d9331,energy.domains,premium,414.2,414.2,high,medium,6,spaceship,,,01/10/2026 16:04
6f7db4c0-e6d6-48ee-ae3b-f174698633c9,energy.plumbing,available,8.24,58.19,high,medium,6,porkbun,,,01/10/2026 16:04
88ac64e2-11ac-44dd-a668-1b0feb30e42a,energy.promo,premium,2500.5,3250,high,medium,6,unstoppable,,,01/10/2026 16:04
5e44d84f-8074-4644-a791-ac5f15054c15,energy.tickets,available,359.99,488.88,high,medium,6,namesilo,,,01/10/2026 16:04
21924ab4-6639-47b5-ad26-e917e6e4344a,energy.attorney,premium,1107,1107,high,medium,6,namesilo,,,01/10/2026 16:04
a69c2638-0a07-471e-8a4e-1939923fbfbd,energy.esq,premium,671.92,671.92,high,medium,6,spaceship,,,01/10/2026 16:04
9593d1f7-cd41-4900-9181-bb2ca6d2cfd8,energy.movie,available,270.2,270.2,high,medium,6,cloudflare,,,01/10/2026 16:04
c9103dfd-952f-48ef-bb56-a1da7d33db7f,energy.beer,premium,2660,29.5,high,medium,6,namesilo,,,01/10/2026 16:04
89f5ec6e-6c96-481a-b025-fc2f8800ea33,energy.center,resell,,,high,medium,6,"Spaceship, Inc.",23/11/2019 13:00,23/11/2026 13:00,01/10/2026 16:04
bf84483e-2efa-4ab0-9b82-70627044ead1,energy.doctor,resell,,,high,medium,6,"GoDaddy.com, LLC",18/11/2018 16:06,18/11/2026 16:06,01/10/2026 16:04
fd8f5e7c-41ac-4897-b1d4-e4f6e5aac828,energy.wiki,premium,832,832,high,medium,6,namesilo,,,01/10/2026 16:04
83175a48-699e-43ec-87ba-bb2d70437f0d,energy.co,resell,,,high,medium,6,Hello Internet Corp.,25/02/2010 00:26,24/02/2027 23:59,01/10/2026 16:04
773d5019-91bb-4ac4-a081-8386685cf47f,energy.kaufen,available,29.98,33.58,high,medium,6,namecheap,,,01/10/2026 16:04
d07dc2d7-3621-43af-9227-ea60eaf5c54c,energy.pub,resell,,,high,medium,6,"Chengdu West Dimension Digital Technology Co., Ltd.",16/06/2020 21:40,16/06/2027 21:40,01/10/2026 16:04
91bf4750-82f0-4f4c-b87f-7188ef7074d4,energy.services,resell,,,high,medium,6,Dynadot Inc,09/09/2016 07:56,09/09/2027 07:56,01/10/2026 16:04
1e71f6c3-a961-4571-89c0-9b2329675122,energy.casino,resell,,,high,medium,6,"Spaceship, Inc.",30/12/2024 15:15,30/12/2026 15:15,01/10/2026 16:04
51bb8bab-9dc1-4b58-b0d3-d6d4fa51aa37,energy.voto,premium,102.67,102.67,high,medium,6,spaceship,,,01/10/2026 16:04
e64319c9-89ab-4a6b-b2a9-01d1cbbd6c7b,energy.run,resell,,,high,medium,6,"DNSPod, Inc.",30/05/2019 05:27,30/05/2027 05:27,01/10/2026 16:04
0d877cba-c7df-43b4-ae43-6932d912b4b1,electricity.energy,resell,,,high,low,11,Porkbun LLC,13/10/2016 12:32,13/10/2027 12:32,02/10/2026 10:51
6a3f9dae-9e13-4fe6-8a99-e54bc4cf790e,energy.directory,resell,,,high,medium,6,Porkbun LLC,18/08/2026 15:27,18/08/2027 15:27,01/10/2026 16:04
1aef31a1-3a87-4cb3-9029-34f90129c67d,energy.moi,premium,89.25,89.25,high,medium,6,namesilo,,,01/10/2026 16:04
169bc905-b437-4ccb-afb8-89a9e0a7da61,energy.forum,resell,,,high,medium,6,,,,01/10/2026 16:04
45c53568-2a3b-4b5a-86b1-2c7ac3e3fdd7,energy.nexus,premium,516.67,516.67,high,medium,6,spaceship,,,01/10/2026 16:04
4c1dfdc5-dfd5-4724-b1d3-7037483d3f15,energy.vin,resell,,,high,medium,6,"Xiamen ChinaSource Internet Service Co., Ltd",06/03/2024 08:55,06/03/2027 08:55,01/10/2026 16:04
55491f43-2789-4133-b487-56c0e8b25373,energy.gallery,resell,85.8,85.8,high,medium,6,Porkbun LLC,20/06/2026 14:44,20/06/2027 14:44,01/10/2026 16:04
ad8dadc4-6342-427a-9945-7f0c2df493f9,energy.voting,available,1398,1448,high,medium,6,namecheap,,,01/10/2026 16:04
b1273089-0986-4c90-816e-0ebf5ae33a67,energy.apartments,available,10.92,47.3,high,medium,6,dynadot,,,01/10/2026 16:04
549ff3f7-9c24-4003-a534-1ea4db8c7b1e,energy.blue,resell,,,high,medium,6,"Spaceship, Inc.",23/09/2022 13:15,23/09/2027 13:15,01/10/2026 16:04
16a2da03-d48a-4081-9adb-dde3d93dd07f,energy.viajes,available,37.99,37.99,high,medium,6,namesilo,,,01/10/2026 16:04
1ffca2fd-2ddd-4cf3-b258-bbaa580ec942,energy.gold,resell,,,high,medium,6,"DNSPod, Inc.",12/05/2018 10:04,12/05/2027 10:04,01/10/2026 16:04
756720f2-343f-49e8-bbcc-7e0f4b6a4c63,energy.cleaning,premium,118.8,118.8,high,medium,6,namesilo,,,01/10/2026 16:04
411d0742-9ebd-4ddc-abc9-6771f7799a64,energy.ltda,premium,66.3,66.3,high,medium,6,namecheap,,,01/10/2026 16:04
80969c90-3850-4022-8dac-140d524fd11f,energy.luxe,resell,37060.64,,high,medium,6,Dynadot Inc,19/08/2025 04:11,19/08/2027 04:11,01/10/2026 16:04
6a9295c0-0d9c-456a-85a8-a35017914e48,energy.prof,premium,649.2,671.92,high,medium,6,unstoppable,,,01/10/2026 16:04
99e3ac6e-30e4-47c0-b486-6476dddc83c6,energy.repair,resell,,,high,medium,6,"Spaceship, Inc.",22/02/2026 17:45,22/02/2027 17:45,01/10/2026 16:04
919bbf7d-6ef6-4d95-99d1-5ffc72a4727f,energy.glass,premium,440,440,high,medium,6,dynadot,,,01/10/2026 16:04
2941d1cc-1c5b-4ee9-99c1-bd32ff24e659,energy.gay,premium,2660,2660,high,medium,6,namesilo,,,01/10/2026 16:04
957bca6d-7cd9-42ca-ad24-469b00f4adc3,electricity.car,available,1999.99,2199,high,low,11,namesilo,,,02/10/2026 10:51
2759a978-8197-42f8-a732-4f2bdd211334,energy.tax,resell,,,high,medium,6,"Chengdu West Dimension Digital Technology Co., Ltd.",21/04/2020 09:45,21/04/2027 09:45,01/10/2026 16:04
38c51eb4-81a1-4bda-af53-b3112d1c04ba,solar.icu,premium,384,768,high,high,5,namesilo,,,10/09/2026 13:31
c25c8f51-72dc-4b57-83e1-d22468a802f1,energy.melbourne,available,58,58,high,medium,6,namesilo,,,01/10/2026 16:04
9772784e-b417-4159-8e50-008776bbd879,energy.hot,premium,640,640,high,medium,6,namesilo,,,01/10/2026 16:04
a1323199-2646-4eee-b9d8-8324af874d83,solar.vana,available,2298,2498,high,high,5,namecheap,,,10/09/2026 13:31
17e195a7-f94d-4780-8880-00cde77080eb,electricity.motorcycles,available,1.24,13.97,high,low,11,spaceship,,,02/10/2026 10:51
820d5cc6-6f89-48c7-ab01-fcf7f5fa599e,energy.pw,premium,2729.45,2729.45,high,medium,6,porkbun,,,01/10/2026 16:04
fc176731-ef03-4f8c-be33-dcadac620895,solar.audio,premium,832,832,high,high,5,namesilo,,,10/09/2026 13:31
a6fec460-15cd-49ff-8f53-d79c283c5074,solar.desi,available,19.98,22.98,high,high,5,namecheap,,,10/09/2026 13:31
22210872-c80f-4a49-a36b-3f5558fa577f,solar.deals,resell,,,high,high,5,"Spaceship, Inc.",06/01/2019 23:50,06/01/2027 23:50,26/09/2026 09:08
9096758f-d8b7-4398-b3f2-7cd228dad591,solar.now,resell,,,high,high,5,"Spaceship, Inc.",04/10/2024 01:02,04/10/2027 01:02,28/09/2026 05:07
02725fc8-0fee-48ee-88f0-30aa9f10e997,solar.sexy,premium,13000,13000,high,high,5,namecheap,,,10/09/2026 13:31
969d017f-911f-488f-bc52-d88418fbed3c,electricity.cloud,premium,517.7,1035.2,high,low,11,spaceship,,,02/10/2026 10:51
ba515945-1d3d-4309-96e8-8c89df83b820,electricity.music,premium,71.62,38.5,high,low,11,spaceship,,,02/10/2026 10:51
b75a0d7d-c651-4544-8a1f-b7a19c80da69,electricity.ing,premium,362.45,362.45,high,low,11,spaceship,,,02/10/2026 10:51
75da5e7d-ff0d-4ff1-b92f-53ba2fb4014e,solar.cfd,premium,384,768,high,high,5,namesilo,,,10/09/2026 13:31
6601f528-b686-4485-9e35-ae37ecc9b54c,electricity.contractors,available,28.15,28.15,high,low,11,spaceship,,,02/10/2026 10:51
dc86f8cb-91e8-46e6-bdc7-60fc75cd7e59,electricity.engineering,available,10.48,85.98,high,low,11,namecheap,,,02/10/2026 10:51
362749d2-d9c5-4a90-b9cf-81947ec0514d,solar.haus,resell,,,high,high,5,"Spaceship, Inc.",19/06/2024 15:15,19/06/2027 15:15,26/09/2026 09:08
0f919b72-697a-4d11-98ef-b113889ce7d1,electricity.cars,available,2070,2950,high,low,11,namecheap,,,02/10/2026 10:51
14352d69-30ce-4689-bf90-881631e0f3f4,electricity.tools,available,8.48,47.48,high,low,11,namecheap,,,02/10/2026 10:51
abb2a2e2-9692-4f8a-b2c9-efa6dc487304,electricity.archi,available,18.5,103.99,high,low,11,unstoppable,,,02/10/2026 10:51
0d6e9cb0-50a0-4532-b0e5-b97bffbb7289,electricity.sarl,available,5.2,5.2,high,low,11,cloudflare,,,02/10/2026 10:51
ebc0d20a-68eb-4032-9909-8c14c9f8445b,electricity.equipment,available,22.97,22.97,high,low,11,spaceship,,,02/10/2026 10:51
469a63cd-2205-4773-bf93-0c35feaefa53,electricity.careers,available,28.98,89.98,high,low,11,namecheap,,,02/10/2026 10:51
c9f48961-2031-4361-8fc2-3ecad6e69354,solar.computer,resell,,,high,high,5,"eNom, LLC",14/01/2016 17:39,14/01/2027 17:39,26/09/2026 09:08
306f0861-485e-449f-9db9-79a9b7910e5f,electricity.republican,available,7.49,28.99,high,low,11,namesilo,,,02/10/2026 10:51
4ffbdce6-a37b-4bb2-919c-7b12097330a0,electricity.pizza,available,17,51.95,high,low,11,unstoppable,,,02/10/2026 10:51
efd69d9b-8186-4dea-adb8-0c547c54712f,electricity.graphics,available,23.99,23.99,high,low,11,namesilo,,,02/10/2026 10:51
a6d952e2-3fc2-42e8-9b16-5dfbcbf446f6,electricity.football,available,20.2,20.2,high,low,11,cloudflare,,,02/10/2026 10:51
5aadabe4-2eda-436a-9b9b-87ab61d3c24f,electricity.one,premium,550,550,high,low,11,dynadot,,,02/10/2026 10:51
92a96e49-a164-45f0-887e-cc9db90e4fd8,electricity.info,resell,,,high,low,11,"Domain Registration Services, Inc. dba dotEarth.com",13/07/2002 19:17,13/07/2027 19:17,02/10/2026 10:51
c5567154-0e63-4ea9-b8bc-f7d58badf0f9,electricity.mom,available,1.99,27.99,high,low,11,namesilo,,,02/10/2026 10:51
02dd4f55-183d-4ae7-a20e-67c8905a9f23,electricity.poker,available,8.24,55.86,high,low,11,dynadot,,,02/10/2026 10:51
ed9be7a1-0eeb-4466-82ad-f935f1cbb80e,electricity.sydney,premium,840.27,840.27,high,low,11,porkbun,,,02/10/2026 10:51
d2ce7b04-ab58-483d-b5f3-11e97f23a6ed,electricity.fund,available,10.55,57.13,high,low,11,spaceship,,,02/10/2026 10:51
baadc905-4258-439b-bc3f-998bf4b5c593,electricity.apartments,available,57.99,57.99,high,low,11,namesilo,,,02/10/2026 10:51
04003082-1bd7-4bb1-863d-6953146cdf23,electricity.gift,available,16.91,16.91,high,low,11,dynadot,,,02/10/2026 10:51
ac6251d3-2176-4085-bc2f-7a25e8a565b6,electricity.reise,available,27.89,97.99,high,low,11,namesilo,,,02/10/2026 10:51
fd79e7c5-c9a4-46b8-b343-b046a0bb14bd,electricity.church,available,45.2,45.2,high,low,11,cloudflare,,,02/10/2026 10:51
a0678fd9-ccfd-4616-b30d-328910dcc0c8,solar.la,resell,,,high,high,5,Key-Systems GmbH,22/03/2004 01:00,22/03/2027 23:59,26/09/2026 09:08
2830eb9e-01f7-4ac2-8cb1-5890d99a1efc,electricity.lgbt,available,10.55,64.37,high,low,11,spaceship,,,02/10/2026 10:51
561773aa-4d8a-49da-baa5-137f148a293b,electricity.bet,available,7.96,20.9,high,low,11,spaceship,,,02/10/2026 10:51
9dfd6185-27ce-400f-844a-5b17dae1271f,electricity.channel,premium,61.27,61.27,high,low,11,spaceship,,,02/10/2026 10:51
6be586be-ea44-4700-9102-73f73dfae070,electricity.viajes,available,35.2,35.2,high,low,11,cloudflare,,,02/10/2026 10:51
ae2de172-b813-4a24-bb0e-0e6be0af35ee,solar.black,resell,,,high,high,5,Unstoppable Domains Inc,13/03/2023 15:15,13/03/2027 15:15,26/09/2026 09:08
f389deb9-11bd-42b8-bc4a-e1f0a182e75f,electricity.cafe,available,7.25,51.99,high,low,11,namesilo,,,02/10/2026 10:51
5d1ae541-7ed0-4fda-9346-e7071bbd0109,electricity.soy,premium,86.9,86.9,high,low,11,dynadot,,,02/10/2026 10:51
37b762d1-c1fa-45de-9666-b79b158d3401,electricity.pro,resell,810.75,35.99,high,low,11,"Sav.com, LLC - 9",23/02/2026 15:15,23/02/2027 15:15,02/10/2026 10:51
e3dfb156-dda3-4e5a-b6e9-8ca4fcf356e2,electricity.memorial,available,40.2,40.2,high,low,11,cloudflare,,,02/10/2026 10:51
c3c12b05-0ef5-4723-b197-aa009b048603,solar.baby,resell,,,high,high,5,Dynadot Inc,11/08/2026 21:13,11/08/2027 23:59,26/09/2026 09:08
a1dc16b9-e600-4101-8367-a3bd2fc535f5,electricity.charity,available,21.7,21.7,high,low,11,cloudflare,,,02/10/2026 10:51
00340558-6cc5-41b7-b059-7ec49c25f0b0,solar.nyc,resell,,,high,high,5,"Global Domains International, Inc. DBA DomainCostClub.com",11/12/2020 03:43,11/12/2027 03:43,26/09/2026 09:08
ea12087e-87d0-4001-9cea-0b21c6be0367,electricity.shoes,available,64.99,64.99,high,low,11,namesilo,,,02/10/2026 10:51
b8c6ec47-04dc-462b-9eb0-c4bf83d5108d,electricity.markets,premium,207.2,207.2,high,low,11,spaceship,,,02/10/2026 10:51
f2e7010e-92cd-44e2-aa50-a0e671aac767,electricity.coupons,available,2.98,59.98,high,low,11,namecheap,,,02/10/2026 10:51
7ee24e77-f63a-45f9-ad57-70829010a27b,electricity.talk,premium,71.4,71.4,high,low,11,namesilo,,,02/10/2026 10:51
db3c3d79-f255-40a4-b444-66c9896766e5,electricity.study,premium,55.11,55.11,high,low,11,porkbun,,,02/10/2026 10:51
f9833259-b50a-4cdb-9bb7-75c62d5bad69,electricity.email,available,7,25.04,high,low,11,unstoppable,,,02/10/2026 10:51
6c59a81f-d821-4437-a55e-5cbf74d5a9bb,electricity.global,premium,3312,53.92,high,low,11,namesilo,,,02/10/2026 10:51
0e2f58ab-fc00-4f60-96c4-6360f25dbd08,solar.exchange,resell,,,high,high,5,"GoDaddy.com, LLC",26/05/2019 05:40,26/05/2027 05:40,26/09/2026 09:08
be148ca9-a9ae-43e9-96c2-97ef972d58ac,electricity.insure,available,56.2,56.2,high,low,11,cloudflare,,,02/10/2026 10:51
ea522303-d29d-4f62-8fe9-ad704cae4427,electricity.dating,available,50.2,50.2,high,low,11,cloudflare,,,02/10/2026 10:51
c82d95db-ccaa-4330-b00b-9c2730d72af8,electricity.style,available,6.93,31.25,high,low,11,spaceship,,,02/10/2026 10:51
7b04ba2f-48bc-4888-a018-d98b7234e4d3,electricity.observer,premium,10.55,10.55,high,low,11,spaceship,,,02/10/2026 10:51
dfea29db-e44d-4979-8099-702514b14b60,electricity.moi,available,25.99,25.99,high,low,11,namesilo,,,02/10/2026 10:51
30e5e1f7-06e8-4790-abe8-befc408aab8f,electricity.theater,available,51.95,51.95,high,low,11,spaceship,,,02/10/2026 10:51
93684757-99f8-48fa-be36-5cf1528a31db,electricity.rentals,available,10.5,35.39,high,low,11,unstoppable,,,02/10/2026 10:51
fed25892-b681-4c81-99ef-f5ed8c1b9a87,electricity.training,available,15.99,41.99,high,low,11,namesilo,,,02/10/2026 10:51
4222a76e-96c7-4e71-8eb8-b5707758b596,electricity.pictures,available,15.49,15.49,high,low,11,namesilo,,,02/10/2026 10:51
52795f58-e35c-4b6a-b163-fd1269ef0e5c,electricity.dentist,available,53.72,53.72,high,low,11,dynadot,,,02/10/2026 10:51
c5baabc2-fd86-4d18-984d-be54716b2ae1,solar.sh,resell,,,high,high,5,Dynadot5 LLC,05/07/2021 14:30,05/07/2027 14:30,26/09/2026 09:08
92d6768d-9116-4565-bccb-40b3d05d740a,fuel.energy,resell,,,high,low,4,"NameCheap, Inc.",11/07/2021 10:02,11/07/2027 10:02,29/09/2026 20:07
59e71b70-2678-4a0c-92b5-671c0e5c7abc,electricity.law,available,95.99,95.99,high,low,11,namesilo,,,02/10/2026 10:51
0db5ee15-1351-4872-a8cc-96ec08725e72,electricity.vip,premium,224,17.7,high,low,11,namesilo,,,02/10/2026 10:51
f935a865-6c6b-4565-9643-fa419521d706,electricity.productions,available,10.99,40.49,high,low,11,namesilo,,,02/10/2026 10:51
565203eb-6702-4296-ade1-2b2dc3fadabd,electricity.rodeo,available,12.99,12.99,high,low,11,namesilo,,,02/10/2026 10:51
a1a25274-0c41-4d9c-a492-7214ea54b1b1,electricity.boats,available,1.54,14.21,high,low,11,porkbun,,,02/10/2026 10:51
f7dc84c6-0f27-42e5-a540-6b0bb7e97dc7,electricity.directory,available,4.34,21.94,high,low,11,spaceship,,,02/10/2026 10:51
fec00a5f-a66c-4720-a49d-964858b15036,electricity.stream,premium,362.45,51.95,high,low,11,spaceship,,,02/10/2026 10:51
89d1ff83-be71-48a4-834c-7242cb9891e2,electricity.xyz,resell,,,high,low,11,"Spaceship, Inc.",29/10/2021 14:33,29/10/2027 23:59,02/10/2026 10:51
5bb1d813-98bd-4af0-aba9-da649b58f401,electricity.gay,available,2.99,38.99,high,low,11,namesilo,,,02/10/2026 10:51
46ea8106-f69b-4bd9-ad1b-9c9801cacf09,electricity.restaurant,available,20.99,64.99,high,low,11,namesilo,,,02/10/2026 10:51
7554a4be-c459-405c-b97a-687ddcecfc90,electricity.hair,available,1.24,13.97,high,low,11,spaceship,,,02/10/2026 10:51
8094438f-7fc1-477d-b4cf-09f99bf4ca4d,electricity.marketing,available,8.99,41.99,high,low,11,namesilo,,,02/10/2026 10:51
d4bbcc7f-5c72-4893-97c7-ced7d0da6ca5,electricity.recipes,available,8.99,77.99,high,low,11,namesilo,,,02/10/2026 10:51
cd218439-4bec-4d14-8e9c-a9d4e8b4b116,solar.school,resell,,,high,high,5,"Xiamen ChinaSource Internet Service Co., Ltd",18/08/2022 13:15,18/08/2027 13:15,26/09/2026 09:08
b7ac60e5-4205-44c0-8b7f-ce6af31f4a36,electricity.florist,available,25.2,25.2,high,low,11,cloudflare,,,02/10/2026 10:51
709e1605-6fad-4126-baf4-9fdeace9286d,electricity.cat,available,18.27,24.29,high,low,11,dynadot,,,02/10/2026 10:51
c00bffc7-306d-4d80-af8e-c8b4dcc34b00,electricity.exposed,available,17.8,17.8,high,low,11,spaceship,,,02/10/2026 10:51
0692cc2a-5655-4885-990f-b94bb556ff2c,solar.press,premium,1950,3900,high,high,5,namecheap,,,10/09/2026 13:31
f956a84b-3bed-4aec-891c-817d50a1dfe7,electricity.horse,available,26.08,26.08,high,low,11,spaceship,,,02/10/2026 10:51
e2497f2c-00d8-46d8-9e0e-c3a492dee0ca,electricity.win,premium,448,53.92,high,low,11,namesilo,,,02/10/2026 10:51
c37c945a-6820-4992-99f1-f82a944fbaff,electricity.systems,premium,102.67,102.67,high,low,11,spaceship,,,02/10/2026 10:51
50455954-8534-4167-a68a-ae2922db699a,electricity.financial,available,15.73,46.78,high,low,11,spaceship,,,02/10/2026 10:51
520e99c6-e7eb-491e-b513-e393f2b6af41,electricity.maison,available,57.99,57.99,high,low,11,namesilo,,,02/10/2026 10:51
588b6b0b-fe0d-44b9-beaa-6a098bbb15c3,electricity.cricket,premium,448,53.92,high,low,11,namesilo,,,02/10/2026 10:51
015ceeae-a11c-4a89-ac85-ffd48902c04d,electricity.miami,premium,47.2,21.24,high,low,11,namesilo,,,02/10/2026 10:51
d6b4c06a-e502-4b2b-92b1-7346d154ec20,solar.theatre,available,509.99,529.99,high,high,5,namesilo,,,10/09/2026 13:31
8ef7dcff-6c5b-4fb4-b266-092ee16d5cfe,electricity.mobile,premium,330,330,high,low,11,dynadot,,,02/10/2026 10:51
42717a5a-49ec-4007-ae29-194d32d81060,electricity.pics,available,1.24,26.08,high,low,11,spaceship,,,02/10/2026 10:51
4b8cccc9-9515-400e-ac4a-5b3ed777e8f2,electric.dealer,premium,2499,3799.99,high,low,8,name.com,,,24/09/2026 13:44
cf97a60a-0bc7-475b-b053-517a505a4da5,electricity.show,available,34.2,34.2,high,low,11,cloudflare,,,02/10/2026 10:51
f181d2ff-7f27-4061-b0d3-f12828eb3231,solar.protection,available,1999.99,2049.99,high,high,5,namesilo,,,10/09/2026 13:31
fb14e5c8-00ff-4f76-af62-84d670258e47,generator.lighting,available,23.99,23.99,high,low,9,namesilo,,,28/09/2026 01:59
eaecf262-9faa-4a67-9017-814ce7a6e0ac,electricity.diet,available,104.99,114.99,high,low,11,namesilo,,,02/10/2026 10:51
9e6d86d5-3ee7-4ae5-b8d7-4295016ff1b5,solar.car,available,1999.99,2199,high,high,5,namesilo,,,10/09/2026 13:31
4ec9e0de-36a6-4107-b0e3-7eaa6a6db057,electricity.care,available,10.03,35.39,high,low,11,spaceship,,,02/10/2026 10:51
875cd3dc-3f60-428f-be90-370036a87869,electricity.digital,resell,,,high,low,11,"Sav.com, LLC - 33",22/09/2026 15:16,22/09/2027 15:16,02/10/2026 10:51
c42e79cc-81bf-4cce-ba4f-5e81ae7324de,electricity.gratis,available,18.83,18.83,high,low,11,spaceship,,,02/10/2026 10:51
5dad1ab6-5da7-40cd-9dd0-2927bc0ad244,electricity.ink,available,25.2,25.2,high,low,11,cloudflare,,,02/10/2026 10:51
b07f422c-afef-4751-9a5f-e7a48deb5318,electricity.jewelry,available,51.95,51.95,high,low,11,spaceship,,,02/10/2026 10:51
416823ef-bb15-43b3-8ddf-fa807cf688a4,electricity.lease,available,44.71,44.71,high,low,11,spaceship,,,02/10/2026 10:51
313b947c-0f09-48c0-9db5-1bf28a126125,electricity.band,available,15.73,25.04,high,low,11,spaceship,,,02/10/2026 10:51
29a67106-dab7-4978-b7d3-f4d32ed3f5be,electricity.organic,available,17.99,85.99,high,low,11,namesilo,,,02/10/2026 10:51
a0360af6-1855-4a26-9342-c31d038abf5f,electricity.wedding,available,26.08,26.08,high,low,11,spaceship,,,02/10/2026 10:51
0b545fc5-a630-416d-acd5-f48bd4791135,electricity.luxury,available,26.26,26.26,high,low,11,porkbun,,,02/10/2026 10:51
019f72bd-c79a-4cdd-bf6b-5d9b2904df02,electricity.bot,resell,,,high,low,11,"Spaceship, Inc.",21/05/2025 03:55,21/05/2027 03:55,02/10/2026 10:51
ade1e09d-54ec-46c6-8969-bad9efa13a69,electric.site,premium,6900,6900,high,low,8,namesilo,,,24/09/2026 13:44
39571393-80b0-461a-a588-73554f4f9311,electric.bet,resell,,,high,low,8,"GoDaddy.com, LLC",20/05/2022 09:21,20/05/2027 09:21,26/09/2026 05:47
5393f87d-f73b-49ab-8032-579343b975d3,electric.co,resell,,,high,low,8,"GoDaddy.com, LLC",25/02/2010 00:18,24/02/2027 23:59,26/09/2026 05:47
c3f93fc6-c727-4eef-a1ac-89b0fca36110,electricity.shopping,available,8.24,24.83,high,low,11,dynadot,,,02/10/2026 10:51
83a80e44-88bc-4c15-b4b1-58d38200e4f7,electricity.webcam,available,10.79,10.79,high,low,11,porkbun,,,02/10/2026 10:51
2322044e-e45d-4431-8c5e-4da0f2085187,generator.financial,available,45.2,45.2,high,low,9,cloudflare,,,28/09/2026 01:59
26913a87-3998-46c7-9bcf-3afb7baff23a,generator.guitars,available,100.2,100.2,high,low,9,cloudflare,,,28/09/2026 01:59
8e64a54d-213d-43ab-8b69-980b13fcd0a4,electricity.world,resell,,,high,low,11,"DNSPod, Inc.",09/04/2024 15:16,09/04/2027 15:16,02/10/2026 10:51
7f49ab82-1d3c-4a53-abdd-eb2b1cdd9efa,solar.cloud,resell,,,high,high,5,GoDaddy,23/02/2016 05:04,23/02/2027 05:04,26/09/2026 09:08
11c777bc-8488-4900-a9a6-f583379df19b,electricity.menu,available,27.99,27.99,high,low,11,namesilo,,,02/10/2026 10:51
da63249d-91e5-4669-a012-0577f30ec8f5,fuel.green,premium,650,650,high,low,4,namecheap,,,29/09/2026 20:07
68be861e-dfc9-4c22-b3a5-c73e184040ad,fuel.tech,premium,1293.95,5175.2,high,low,4,spaceship,,,29/09/2026 20:07
31688119-b1a6-42bc-be04-8566ace8c10b,electricity.engineer,premium,71.4,71.4,high,low,11,namesilo,,,02/10/2026 10:51
e371b787-ca51-4a7a-b3b7-6c75f2f2e407,generator.fm,available,67.98,87.72,high,low,9,spaceship,,,28/09/2026 01:59
b85817da-7116-43f7-a342-7e86ddfc9323,generator.health,resell,,,high,low,9,,,,28/09/2026 01:59
3c65cc68-54c6-4d84-8792-4b82df71e7aa,electric.motorcycles,premium,10000,10000,high,low,8,name.com,,,24/09/2026 13:44
7fb515ff-cfa5-4700-8b5d-56323bad5bc3,electricity.hosting,available,309.99,429.99,high,low,11,namesilo,,,02/10/2026 10:51
52b50f97-0ece-400c-862f-879f1f949051,electricity.tattoo,available,1.75,31.25,high,low,11,spaceship,,,02/10/2026 10:51
3d0c0a0a-49d9-4046-8e8b-a56afb2f6094,electric.ing,premium,455,455,high,low,8,namecheap,,,24/09/2026 13:44
9ae9feb0-e792-4e3a-a7bd-c7f60971a01e,fuel.us,resell,,,high,low,4,Porkbun,24/04/2002 14:09,23/04/2027 23:59,29/09/2026 20:07
1bf7f105-bdc3-416f-9549-cc9c9693a3b7,solar.repair,resell,,,high,high,5,Dynadot Inc,10/01/2019 14:14,10/01/2027 14:14,26/09/2026 09:08
749a70db-55bc-4d2c-91af-209025d1bc27,electricity.actor,available,8.48,35.39,high,low,11,spaceship,,,02/10/2026 10:51
fc181588-ec9e-41ef-9c48-8cdcfa13f2d7,electricity.mba,available,17.99,39.99,high,low,11,namesilo,,,02/10/2026 10:51
b149d19e-ee31-42cc-9e87-96beb3e5377a,generator.actor,available,16.99,44.49,high,low,9,namesilo,,,28/09/2026 01:59
e324fb4f-eb0d-4ccf-a317-56386048cb3a,generator.archi,available,15.99,177.99,high,low,9,godaddy,,,28/09/2026 01:59
7834793a-da58-4929-b3f2-7e400f773b22,electricity.sale,premium,118.8,118.8,high,low,11,namesilo,,,02/10/2026 10:51
61c55439-fdae-46b8-b40e-c679b819248f,electricity.voyage,available,46.78,46.78,high,low,11,spaceship,,,02/10/2026 10:51
65a61606-f97a-4fdd-be5f-cacdd17878be,electric.organic,available,17.99,85.99,high,low,8,namesilo,,,24/09/2026 13:44
a5bb1426-11c9-4709-9025-6f3e582a5927,solar.contractors,resell,,,high,high,5,Dynadot Inc,27/03/2021 03:12,27/03/2027 03:12,26/09/2026 09:08
8659d51f-5b8b-4ec6-a804-6d63a98f2962,electric.soccer,available,25.99,25.99,high,low,8,namesilo,,,24/09/2026 13:44
0ed8b21d-d8ca-493e-acd6-46677616ad0e,generator.industries,available,45.99,45.99,high,low,9,namesilo,,,28/09/2026 01:59
5d38af74-d6a3-4470-b187-882b11ebae4f,electric.xyz,resell,,,high,low,8,Dynadot Inc,18/08/2017 17:23,18/08/2030 23:59,26/09/2026 05:47
f394cdca-89ff-4459-8bba-0619369b9752,electricity.repair,available,12.99,36.99,high,low,11,namesilo,,,02/10/2026 10:51
37cd160d-a7f2-43c6-97ff-b6aa56751aae,generator.bond,premium,,,high,low,9,,,,28/09/2026 01:59
5c56d000-f5ed-436f-94e8-6d24c1a28361,electric.singles,available,12.99,43.99,high,low,8,name.com,,,24/09/2026 13:44
2d703fb6-0d5f-4abf-905a-0eea2cc4cbb9,electricity.review,premium,103.7,26.08,high,low,11,spaceship,,,02/10/2026 10:51
32ee7a9d-b518-4828-84e6-0ceecd9dba6e,electric.onl,available,5.49,23.49,high,low,8,namesilo,,,24/09/2026 13:44
5c136efe-e59a-4c7e-a014-8bb36ca8d1fa,solar.technology,resell,,,high,high,5,"GoDaddy.com, LLC",20/09/2016 07:35,20/09/2027 07:35,26/09/2026 09:08
be69aa3c-5a85-4092-bea9-65f65ab8f1dd,generator.country,available,2064.2,2064.2,high,low,9,spaceship,,,28/09/2026 01:59
2aa6153a-fde2-4206-b358-d007ce41dd29,electric.protection,available,1999.99,2049.99,high,low,8,namesilo,,,24/09/2026 13:44
a8e2def5-bd8c-4ad4-832c-1cfe0456a550,generator.auction,available,3,30.18,high,low,9,dynadot,,,28/09/2026 01:59
9229ffc2-6539-4d06-b1b8-5d4759c6187a,electricity.llc,available,33.2,33.2,high,low,11,cloudflare,,,02/10/2026 10:51
7294dc3f-f7e4-44b3-ad5f-d135b561a6cc,fuel.engineering,available,10.48,85.98,high,low,4,namecheap,,,29/09/2026 20:07
c3f53238-02b3-467a-aa9f-da41a027149e,generator.investments,available,6.98,166.98,high,low,9,namecheap,,,28/09/2026 01:59
921c264a-5b0c-414c-a7af-ee7483e08cfb,green.organic,resell,,,high,medium,5,Porkbun LLC,21/11/2021 12:57,21/11/2026 12:57,03/10/2026 05:34
22f5de11-8275-49c6-ab16-095cbdfacf9c,generator.apartments,available,97.99,97.99,high,low,9,godaddy,,,28/09/2026 01:59
54392e37-c710-4cf1-9106-711daba16d14,electricity.hospital,available,55.98,71.98,high,low,11,namecheap,,,02/10/2026 10:51
9a4d5039-6c3a-456f-8ec7-839bf6c96960,electric.moe,available,13.99,13.99,high,low,8,namesilo,,,24/09/2026 13:44
e22b7f98-071a-4d57-a794-a8a833444e6d,electric.global,premium,3312,53.92,high,low,8,namesilo,,,24/09/2026 13:44
65b787ea-3c15-4bd0-80c3-e4f633e4cf6b,generator.best,resell,,,high,low,9,,,,28/09/2026 01:59
11437ee6-e20a-421d-b5e8-3337a8eba524,generator.coach,available,19.99,119.99,high,low,9,godaddy,,,28/09/2026 01:59
3cf28e6d-d143-4432-b270-861f73b6375c,electricity.furniture,available,26.5,94.99,high,low,11,unstoppable,,,02/10/2026 10:51
c83c8bb9-017a-45d8-9682-6fa4e462788d,electricity.cooking,available,26.08,26.08,high,low,11,spaceship,,,02/10/2026 10:51
5abe9902-b889-4dc3-9434-fc27750bfb9f,electricity.claims,available,10.55,51.95,high,low,11,spaceship,,,02/10/2026 10:51
d510d723-0650-4915-b888-d9d6b5ceb29c,fuel.auction,premium,207.2,207.2,high,low,4,spaceship,,,29/09/2026 20:07
9bed26bf-f9ce-4ec0-ac6d-91d0eae61d8f,grid.football,available,26.98,36.98,high,medium,4,namecheap,,,24/09/2026 17:52
68de9df9-5335-4a41-aa74-c36eb64b1235,electricity.blue,available,13.06,20.55,high,low,11,dynadot,,,02/10/2026 10:51
df8c57ac-1c42-4dfb-a3cf-458071dbf920,electricity.mx,resell,,,high,low,11,GoDaddy.com,05/03/2014 00:00,05/03/2027 00:00,02/10/2026 10:51
e4a20f04-dafd-4faf-bd2e-b09358f345a9,grid.equipment,available,29.98,32.98,high,medium,4,namecheap,,,24/09/2026 17:52
afb6ed28-6b4e-4605-bf55-0f078592b258,generator.black,available,26.5,,high,low,9,unstoppable,,,28/09/2026 01:59
df506b76-0ac9-4a17-b911-73f0ebf7ccee,electricity.wine,available,9.99,59.99,high,low,11,namesilo,,,02/10/2026 10:51
eda77cc9-bad0-459c-9551-0209fd54dc3a,electricity.town,available,8.5,36.49,high,low,11,unstoppable,,,02/10/2026 10:51
232bbd65-1f62-4f42-ad5b-ca3c0b0651af,fuel.forsale,premium,128.7,128.7,high,low,4,namecheap,,,29/09/2026 20:07
b557b7b9-87c5-4d46-bf22-e85cd8d5e20f,generator.promo,available,10.55,19.87,high,low,9,spaceship,,,28/09/2026 01:59
f2811c08-fd7f-4595-ba78-32c19b148236,fuel.pink,available,5.89,20.9,high,low,4,spaceship,,,29/09/2026 20:07
ac12530a-cf59-409d-9954-a1445229ed94,generator.pro,resell,,,high,low,9,"Name.com, Inc.",06/01/2016 08:15,06/01/2028 08:15,28/09/2026 01:59
36ad90b9-6689-4e6f-a58d-bd5db160c1d7,fuel.bargains,available,13.14,23.94,high,low,4,spaceship,,,29/09/2026 20:07
c62db6ee-f19e-49a1-bf21-1aafb8874364,electric.finance,resell,,,high,low,8,"Sav.com, LLC - 35",02/02/2026 15:15,02/02/2027 15:15,26/09/2026 05:47
4c43b4f5-9390-4a89-bb30-4675792bc9df,solar.me,resell,69000,27.99,high,high,5,"GoDaddy.com, LLC",12/08/2008 19:11,12/08/2027 19:11,26/09/2026 09:08
b280ad54-317b-4c64-a29e-da5ebb5843ce,fuel.sarl,available,5.38,5.38,high,low,4,spaceship,,,29/09/2026 20:07
7b5306ea-a628-4427-8872-ea27797ba375,generator.hockey,available,62.98,72.98,high,low,9,namecheap,,,28/09/2026 01:59
3d04fb54-ee93-4a5c-b7a5-4761b2c763da,electricity.shiksha,available,13.5,51.99,high,low,11,unstoppable,,,02/10/2026 10:51
d094e0e7-df82-4f73-8161-aacb70ecb99f,electricity.bz,available,21.98,26.98,high,low,11,namecheap,,,02/10/2026 10:51
d493adcd-46b0-47b3-aa7e-cd90e13d6523,electricity.dealer,premium,4278,2660,high,low,11,namesilo,,,02/10/2026 10:51
50b6ed36-be45-4108-b12e-3cd41af73500,electricity.press,premium,302.5,302.5,high,low,11,namesilo,,,02/10/2026 10:51
b26eea3f-766e-4c10-9d06-44ad524aaa30,electricity.ong,available,18.98,24.98,high,low,11,namecheap,,,02/10/2026 10:51
1c4f221a-8577-42ec-97d0-7091cda29b12,generator.eco,premium,3622.7,59.71,high,low,9,spaceship,,,28/09/2026 01:59
5f2a4d64-2bfb-4742-ac7f-8e0e2ea079e4,grid.broker,premium,1300,1300,high,medium,4,namecheap,,,24/09/2026 17:52
06ba3174-baf2-45e9-8cad-26489322ef7d,solar.art,resell,,,high,high,5,"Spaceship, Inc.",09/09/2021 20:17,09/09/2027 23:59,26/09/2026 09:08
763388ae-3308-4e7c-a953-5b334245a1e9,generator.photo,premium,130,130,high,low,9,namecheap,,,28/09/2026 01:59
e7d35c7a-692d-4ffa-823e-0902807d3d31,generator.inc,premium,,,high,low,9,,,,28/09/2026 01:59
d9ccfe42-cc09-4449-9d44-d58aaece6c64,solar.media,resell,,,high,high,5,"Sav.com, LLC",17/06/2015 16:04,17/06/2027 16:04,26/09/2026 09:08
6fa02a0d-2541-4bcb-bff9-346277d38e6b,grid.rodeo,available,13.98,17.98,high,medium,4,namecheap,,,24/09/2026 17:52
2afbce0b-16e6-47eb-ac07-8c2507eda062,grid.juegos,available,368.98,478.98,high,medium,4,namecheap,,,24/09/2026 17:52
62f06403-cfc8-42a2-9d92-8bad6fa84b14,grid.living,premium,910,1300,high,medium,4,namecheap,,,24/09/2026 17:52
451d3224-b82b-472e-90da-e1efc037d42c,electric.solar,resell,,,high,low,8,"GoDaddy.com, LLC",25/09/2014 00:59,25/09/2027 00:59,26/09/2026 05:47
89dc59d2-7849-4069-8ef8-877bb2be62cb,electric.hiv,available,195.99,195.99,high,low,8,namesilo,,,24/09/2026 13:44
c2876b1f-d1d5-426b-8f92-da11dec441b8,electricity.biz,resell,,,high,low,11,Dynadot Inc,15/06/2018 00:21,15/06/2027 00:21,02/10/2026 10:51
801350de-e55f-41d2-9e8e-3fff0ed556e0,fuel.realty,available,88.18,289.16,high,low,4,spaceship,,,29/09/2026 20:07
36f5e232-20a8-4ccf-8f39-1105d07c88c6,grid.industries,resell,,,high,medium,4,Dynadot Inc,16/06/2026 17:00,16/06/2027 17:00,26/09/2026 06:30
790e4337-376f-4a85-a4da-535c8f7f8b2d,generator.dentist,available,65.99,65.99,high,low,9,namesilo,,,28/09/2026 01:59
34189fd7-1674-4dc7-b87c-8482bcf6c9a9,electric.desi,available,19.98,22.98,high,low,8,namecheap,,,24/09/2026 13:44
7d21e2b0-1d01-4cd4-b6ab-547eccfcd1a2,solar.click,resell,,,high,high,5,"Dynadot, LLC",27/09/2020 02:32,27/09/2027 02:32,28/09/2026 04:44
1952cf23-e80e-4923-a413-e7913b86afd8,electric.link,premium,4830,4830,high,low,8,namesilo,,,24/09/2026 13:44
751e476d-0760-4fbe-991c-0df173a65a49,solar.storage,available,509.99,529.99,high,high,5,namesilo,,,10/09/2026 13:31
0d6e3d87-0cfa-420c-827d-29a248d14104,electricity.estate,available,8.24,31.41,high,low,11,porkbun,,,02/10/2026 10:51
9d4921ba-3a13-4098-9f7a-4353cc64e3dc,generator.school,available,55.99,55.99,high,low,9,godaddy,,,28/09/2026 01:59
9c5a5e2e-8cb2-4f45-9872-6365716263b9,electricity.cab,available,33.98,41.98,high,low,11,namecheap,,,02/10/2026 10:51
c671355e-9f7b-44d4-b59d-2acdea1a5350,electric.win,premium,437.5,62.5,high,low,8,name.com,,,24/09/2026 13:44
a0b2f3d2-0652-4471-b8f9-71eaac029aab,generator.bid,premium,448,53.92,high,low,9,namesilo,,,28/09/2026 01:59
9439519f-5c96-4c74-ac2c-f0e8f4c3bd72,grid.bar,premium,81.9,117,high,medium,4,namecheap,,,24/09/2026 17:52
f484ff50-3959-47ad-8f0e-c998f783f972,solar.cool,resell,,,high,high,5,Squarespace Domains II LLC,29/11/2018 16:16,29/11/2027 16:16,26/09/2026 09:08
bdf9148e-3f7c-4231-bac9-6fb0e9981dd0,fuel.cyou,premium,328.02,655.52,high,low,4,porkbun,,,29/09/2026 20:07
e8dde85d-cee0-4fa6-93b6-4ee02db52d8c,generator.fun,premium,1000.2,,high,low,9,unstoppable,,,28/09/2026 01:59
2254905d-3c6b-4867-95a9-a64c68d14a0a,fuel.guide,resell,,,high,low,4,"Sav.com, LLC - 5",02/05/2026 15:15,02/05/2027 15:15,29/09/2026 20:07
febd62df-ad90-416e-b54d-3d214e970e0c,fuel.pub,available,31.2,31.2,high,low,4,cloudflare,,,29/09/2026 20:07
bf38f61f-715c-4db0-8303-45b3669bc72e,generator.tech,premium,1293.95,5175.2,high,low,9,spaceship,,,28/09/2026 01:59
96f618cc-5fc2-4c9d-844b-53ab90795c85,grid.hospital,available,55.98,71.98,high,medium,4,namecheap,,,24/09/2026 17:52
b0b2b56b-2f5b-4a0e-b87d-ddbc36bcd865,grid.exchange,resell,,,high,medium,4,"Global Domains International, Inc. DBA DomainCostClub.com",24/11/2025 15:16,24/11/2026 15:16,26/09/2026 06:30
664d81d5-6c99-4bdc-b7a6-1a7cbdbe6c23,electricity.store,premium,1000.2,1035.2,high,low,11,unstoppable,,,02/10/2026 10:51
47e70244-75e1-4f65-b96d-2341acff21e5,electric.army,available,18.99,39.99,high,low,8,namesilo,,,24/09/2026 13:44
2a7b6758-d88d-4683-b9b1-23fae0962094,grid.wine,available,8.48,75.98,high,medium,4,namecheap,,,24/09/2026 17:52
941edfea-7ae2-4bc5-8294-0ecd10c38217,fuel.christmas,available,1.24,31.16,high,low,4,spaceship,,,29/09/2026 20:07
4842e953-6719-42b6-a504-0ddf0bd0940b,fuel.vet,available,32.2,32.2,high,low,4,cloudflare,,,29/09/2026 20:07
e3a77e20-6f23-44a6-9e6f-5d220ad9dd6f,grid.theatre,available,538.98,620,high,medium,4,namecheap,,,24/09/2026 17:52
beaa563f-9cbb-4bd5-85e2-51ee5f72f49a,electricity.cleaning,available,75.49,75.49,high,low,11,namesilo,,,02/10/2026 10:51
058438e2-c369-4d40-b00f-841a4aaa1aaa,grid.onl,available,3.48,28.98,high,medium,4,namecheap,,,24/09/2026 17:52
a86bf37e-9107-46e9-8e76-cd9700376731,electric.sydney,available,44.98,54.98,high,low,8,namecheap,,,24/09/2026 13:44
f6d1bc2b-4983-499b-a7b2-a6d212995555,electric.broker,available,14.99,32.99,high,low,8,name.com,,,24/09/2026 13:44
209fa1bc-fe1c-4d9c-8631-436995a27903,electricity.team,resell,46.48,,high,low,11,"NameCheap, Inc.",12/03/2026 15:36,12/03/2027 15:36,02/10/2026 10:51
016b0e0a-fe75-4e4a-b9c6-b5095ee6d54f,electricity.toys,available,13.14,51.95,high,low,11,spaceship,,,02/10/2026 10:51
ab1b601b-d8fc-4c4e-ad48-d99b9ffe3e0e,generator.lifestyle,available,0.99,59.99,high,low,9,godaddy,,,28/09/2026 01:59
573bfaa0-85ac-4980-a47b-255da803f240,generator.fish,available,75.99,75.99,high,low,9,godaddy,,,28/09/2026 01:59
814248d3-3db3-4212-a25e-a699c791d386,fuel.quest,resell,,,high,low,4,,,,29/09/2026 20:07
945fc01f-d2ed-4d55-9731-e3e928097dd4,electricity.capital,available,7.96,57.13,high,low,11,spaceship,,,02/10/2026 10:51
04dca80b-a7df-4452-934d-a812462b546d,grid.hiv,available,,,high,medium,4,,,,24/09/2026 17:52
84f83de9-dcf1-47ee-b7b1-694819791915,electric.education,available,36.98,46.98,high,low,8,namecheap,,,24/09/2026 13:44
b21a07f6-1fdd-4aa4-9cd0-c58307524471,grid.vin,available,6.98,75.98,high,medium,4,namecheap,,,24/09/2026 17:52
4c994449-a49e-4b7e-8d3d-4e69cee59f80,electric.inc,premium,2015,2600,high,low,8,namecheap,,,24/09/2026 13:44
666a484e-572c-4ff5-b30b-7598c68b2b8a,rotor.ninja,available,11.98,42.98,high,high,5,namecheap,,,27/09/2026 06:06
be267b88-6c5d-4b76-a4fd-e257b3924e7b,electric.phd,premium,411.25,411.25,high,low,8,name.com,,,24/09/2026 13:44
c7feedaf-c5b2-4f20-9a28-d34dde50a894,grid.film,premium,130,130,high,medium,4,namecheap,,,24/09/2026 17:52
36129a77-2a2e-4453-ab0c-bd2c9d1baceb,fuel.best,resell,,,high,low,4,Dynadot Inc,17/08/2026 00:05,17/08/2027 23:59,29/09/2026 20:07
fbfba401-7012-44e1-a7d1-265414b4c208,electricity.art,premium,20.65,83.3,high,low,11,namesilo,,,02/10/2026 10:51
35d7ea0c-a9d6-4ee4-b071-cf198d3ee549,electric.fitness,premium,118.8,118.8,high,low,8,namesilo,,,24/09/2026 13:44
c087de4a-6932-49af-9d5b-73a7d43a948e,generator.international,resell,,,high,low,9,,,,28/09/2026 01:59
30e24f9f-455a-4f18-8891-afbe4c356b2e,electricity.auto,available,1863.2,2064.2,high,low,11,spaceship,,,02/10/2026 10:51
6b98dfd4-a197-4c03-af76-86784c3b864f,generator.storage,available,500.2,500.2,high,low,9,cloudflare,,,28/09/2026 01:59
0da4836e-a2d0-4b62-80d3-b57ae62a542f,electricity.promo,available,14.49,24.99,high,low,11,namesilo,,,02/10/2026 10:51
8341e263-8b92-4edb-bce1-3bd697353c62,solar.online,premium,1625,6500,high,high,5,namecheap,,,10/09/2026 13:31
230886d5-d39e-4059-a499-106d91dfc506,electricity.network,premium,200.5,242,high,low,11,unstoppable,,,02/10/2026 10:51
653f2c7c-9e4e-48f8-9d38-d89d3172b9bf,grid.villas,available,62.98,74.98,high,medium,4,namecheap,,,24/09/2026 17:52
ca570c93-37b4-4863-8ffc-ebd12fabcad4,electricity.supplies,available,19.87,19.87,high,low,11,spaceship,,,02/10/2026 10:51
c898abd3-881f-43ac-87dd-2cd5ee4fe7fe,grid.solar,resell,,,high,medium,4,"Sav.com, LLC - 39",16/05/2025 15:16,16/05/2027 15:16,26/09/2026 06:30
58f7f6fe-72af-4a37-99e7-b302ad796224,generator.florist,available,25.2,25.2,high,low,9,cloudflare,,,28/09/2026 01:59
61a3c560-7469-4755-ab58-ccae4f18a018,electricity.fyi,premium,15.5,16.5,high,low,11,unstoppable,,,02/10/2026 10:51
7ccf6b58-14ea-4bcf-961c-61e08380ec3a,electric.stream,premium,1107,116,high,low,8,namesilo,,,24/09/2026 13:44
52c0c351-ea4a-46e0-ba2f-48baa4ce6e4a,powered.dealer,premium,4278,2660,high,low,7,namesilo,,,27/09/2026 04:51
fa7e87c6-4fa3-4211-bbef-3426550f7331,electric.degree,available,52.99,52.99,high,low,8,namesilo,,,24/09/2026 13:44
c1d20681-d39a-4ba4-8bb0-8209465b1450,fuel.cab,available,26.08,26.08,high,low,4,spaceship,,,29/09/2026 20:07
d7d066ec-e6d7-4aaa-92f5-eec1fa0f4037,grid.fan,available,57.98,68.98,high,medium,4,namecheap,,,24/09/2026 17:52
2be74748-88f1-4faa-b5b6-dd34588355b1,solar.club,resell,,,high,high,5,"Spaceship, Inc.",03/04/2023 18:05,03/04/2027 18:05,26/09/2026 09:08
2e18818f-3aec-405a-ade2-dc84dedbcace,generator.marketing,resell,,,high,low,9,,,,28/09/2026 01:59
34cc7eb6-5672-4350-aa0d-75235519ba9a,electrical.guitars,available,104.99,114.99,high,low,10,namesilo,,,16/08/2026 02:39
0a4d372f-8474-4a97-8ea3-c470f7ae8c0b,electricity.mortgage,available,49.88,49.88,high,low,11,spaceship,,,02/10/2026 10:51
a2879a3d-b685-4931-bdea-9eb93a1bbfb7,fuel.free,premium,1035.2,1035.2,high,low,4,spaceship,,,29/09/2026 20:07
babf5ed5-170c-47c2-866d-a2fa01ffb018,electricity.casa,premium,41.6,10.55,high,low,11,spaceship,,,02/10/2026 10:51
3188ed20-6300-41cf-8e10-219515194bf4,fuel.sydney,premium,91.07,91.07,high,low,4,namecheap,,,29/09/2026 20:07
466300f2-bfee-4976-9826-3409620c7a00,electricity.direct,available,17,32.2,high,low,11,unstoppable,,,02/10/2026 10:51
38d38121-9e1b-4172-a933-3daa4587aca7,solar.directory,resell,,,high,high,5,Edomains LLC,02/04/2021 12:06,02/04/2027 12:06,26/09/2026 09:08
dfee0f40-b4e9-41b9-a558-8c94efed9d30,electric.red,resell,,,high,low,8,"GoDaddy.com, LLC",18/04/2020 09:17,18/04/2027 09:17,26/09/2026 05:47
d2334190-f29c-4fd7-ba15-91325901ce2d,generator.repair,resell,,,high,low,9,,,,28/09/2026 01:59
a6928692-40a9-44de-9f2d-723c759b5816,generator.auto,available,2070,2950,high,low,9,namecheap,,,28/09/2026 01:59
d681506f-308f-46b5-90bf-226b863a2680,electricity.giving,available,6.41,22.39,high,low,11,spaceship,,,02/10/2026 10:51
1a7c4fee-e3c3-446e-8335-9145e851c820,electric.navy,available,43.98,45.98,high,low,8,namecheap,,,24/09/2026 13:44
f4e64e55-067f-4e97-9f96-f1d5746aa2aa,electricity.courses,available,1.5,32.32,high,low,11,dynadot,,,02/10/2026 10:51
6e95718d-cb35-4863-9765-17d1795d94e2,electricity.fan,available,43.67,43.67,high,low,11,spaceship,,,02/10/2026 10:51
e7fbe580-6606-4f6f-99a8-0e9019f18de3,grid.fast,premium,325,325,high,medium,4,namecheap,,,24/09/2026 17:52
263da02b-d112-4613-9b27-245849732438,grid.yachts,available,1.8,21.98,high,medium,4,namecheap,,,24/09/2026 17:52
abdab40d-9176-4229-a05c-c5b985d5609b,electricity.adult,available,51.95,98.53,high,low,11,spaceship,,,02/10/2026 10:51
b81ebb06-d45c-4523-a4d2-4f2c396be890,fuel.loan,premium,3125,,high,low,4,name.com,,,29/09/2026 20:07
6ddacb47-d220-47b0-8da2-3cd5c08c4fc4,electricity.osaka,available,26.97,26.97,high,low,11,dynadot,,,02/10/2026 10:51
decf4f4e-3f50-4eaa-9b16-1098a69743ee,grid.sbs,premium,390,780,high,medium,4,namecheap,,,24/09/2026 17:52
a2e519ea-13d6-4383-ba92-30f7eb9b5e65,fuel.mov,premium,249.2,,high,low,4,unstoppable,,,29/09/2026 20:07
baeac732-ece4-4bdc-ac03-e81fc984108e,sun.solar,resell,,,high,medium,3,"Spaceship, Inc.",09/08/2015 16:00,09/08/2027 16:00,29/09/2026 16:32
9a780ce9-cbcb-45e5-8f26-aae854b5892f,fuel.baby,available,1.18,51.8,high,low,4,spaceship,,,29/09/2026 20:07
e68e2311-600c-4bab-8f2d-7bb2c6ce37b0,grid.holiday,available,67.98,81.98,high,medium,4,namecheap,,,24/09/2026 17:52
858ade4c-49a7-4dda-bafc-fff091eb81e6,generator.singles,available,12.99,51.99,high,low,9,godaddy,,,28/09/2026 01:59
9182bc18-5359-412b-b2c4-e34e9f781b43,grid.care,resell,,,high,medium,4,Dynadot Inc,29/08/2025 15:15,29/08/2027 15:15,26/09/2026 06:30
92d770c7-3d0f-4409-a849-32c00d51ff9a,generator.gratis,available,23.99,23.99,high,low,9,namesilo,,,28/09/2026 01:59
22c523b7-89e1-40f6-8bff-b5bc1e26d050,solar.host,premium,3250,6500,high,high,5,namecheap,,,10/09/2026 13:31
b8af3f47-e714-4905-a223-745553189de3,electric.house,resell,,,high,low,8,"Spaceship, Inc.",05/01/2021 00:41,05/01/2027 00:41,26/09/2026 05:47
dc7505da-942b-4507-8eac-172260a9f1c3,generator.town,available,6.41,29.18,high,low,9,spaceship,,,28/09/2026 01:59
f935d3ff-e5b3-4ddb-996b-df1c638e2298,grid.systems,resell,,,high,medium,4,"Sav.com, LLC",07/05/2025 21:15,07/05/2027 21:15,26/09/2026 06:30
ec7edd41-d64d-445f-8d41-6649ba0e7a4f,electric.deal,premium,130,130,high,low,8,namecheap,,,24/09/2026 13:44
c2a1616e-f187-4e3f-bf00-8bf8ed09435c,electricity.accountant,premium,382.61,55.11,high,low,11,porkbun,,,02/10/2026 10:51
b09cc581-b53c-4d5a-8110-d796d6b9ac3b,generator.ski,available,76.98,82.98,high,low,9,namecheap,,,28/09/2026 01:59
eaf8ff5c-d7e5-4e07-b119-3072917ecda0,fuel.organic,available,10.81,68.49,high,low,4,porkbun,,,29/09/2026 20:07
f5af64c9-738f-4de4-89ab-09b376002094,electric.loans,available,20.99,116.99,high,low,8,namesilo,,,24/09/2026 13:44
8a3f4de3-b44b-4f00-9e0e-5bd248b7adfe,electricity.golf,available,7.49,64.99,high,low,11,namesilo,,,02/10/2026 10:51
8467f693-557a-4fea-a03f-3c44059cf5fa,solar.security,available,1999.99,2049.99,high,high,5,namesilo,,,10/09/2026 13:31
aa016a37-591a-4caa-b3de-c5ae2acce6dd,generator.plumbing,available,58.16,58.16,high,low,9,spaceship,,,28/09/2026 01:59
115b7b7d-ba65-4f8e-a421-cc92ff300efc,grid.lgbt,available,11.98,93.98,high,medium,4,namecheap,,,24/09/2026 17:52
069c91a0-9db4-44d1-9bfc-361dc61955d6,electricity.fitness,available,8.99,41.99,high,low,11,namesilo,,,02/10/2026 10:51
cba58db6-43de-4cd8-95d6-f2f0640ad0f7,generator.blog,premium,160,640,high,low,9,namesilo,,,28/09/2026 01:59
16895774-c270-40d0-a57a-854ff33a804b,generator.markets,available,5.38,15.73,high,low,9,spaceship,,,28/09/2026 01:59
c4257a0c-6d3e-46f3-b70f-ce2dc7c9e729,generator.asia,resell,,,high,low,9,,,,28/09/2026 01:59
37b0378e-f964-4308-9dd0-003c8906bc28,electricity.coach,available,60.2,60.2,high,low,11,cloudflare,,,02/10/2026 10:51
329a56b3-c7a1-4679-afd6-bec6225ab6d4,electric.vana,available,2298,2498,high,low,8,namecheap,,,24/09/2026 13:44
8f7796aa-5b42-4b46-8579-42a4d3d2a3e6,electricity.farm,available,4.34,31.25,high,low,11,spaceship,,,02/10/2026 10:51
e2d84372-bbc0-442c-b19c-981820376add,fuel.coupons,resell,,,high,low,4,"NameCheap, Inc.",22/11/2025 03:23,22/11/2026 03:23,29/09/2026 20:07
11484f9a-1b50-464a-a75e-b47530bfb2c4,generator.construction,available,31.25,31.25,high,low,9,spaceship,,,28/09/2026 01:59
af7127b7-7bc5-4b86-9df0-036bc5d513ce,grid.chat,resell,,,high,medium,4,Alibaba Cloud Computing Ltd. d/b/a HiChina (www.net.cn),04/08/2021 08:20,04/08/2027 08:20,26/09/2026 06:30
5ce88b78-7e0b-41a7-aa2b-5450e6d578df,grid.ltda,available,42.98,46.98,high,medium,4,namecheap,,,24/09/2026 17:52
ae7e3b27-cc1b-47ef-84ef-ccc8d73ec328,electric.voto,available,11.98,86.98,high,low,8,namecheap,,,24/09/2026 13:44
d99d6e70-661d-4ca1-a87f-f80bf940b23e,electricity.guide,available,33.32,33.32,high,low,11,spaceship,,,02/10/2026 10:51
69f56085-e120-4d89-9d15-5c9c7ac907bb,electric.men,premium,448,53.92,high,low,8,namesilo,,,24/09/2026 13:44
6ee410b1-fe1a-4e57-9823-ac41e9da42ae,generator.futbol,available,7.49,17.99,high,low,9,namesilo,,,28/09/2026 01:59
7ae310eb-94be-47b7-a606-ac863e1d618a,electricity.bond,premium,63.3,126.07,high,low,11,porkbun,,,02/10/2026 10:51
04a3baa9-f479-44f6-acf4-a3a6a6c0f22d,fuel.technology,resell,,,high,low,4,,,,29/09/2026 20:07
2cf8f3b3-bc68-4a10-a78c-ce87445f83d0,fuel.rich,available,79,160.72,high,low,4,dynadot,,,29/09/2026 20:07
a872301d-2c30-4826-9b9c-d0550bf72724,grid.diy,premium,910,1300,high,medium,4,namecheap,,,24/09/2026 17:52
ae2cb47f-f802-4435-bc0a-a89c2144c4fa,grid.pizza,available,5.98,83.98,high,medium,4,namecheap,,,24/09/2026 17:52
95239445-f12e-4212-8dac-793fcf1ab942,solar.link,resell,,,high,high,5,"Dynadot, LLC",19/01/2021 02:19,19/01/2027 02:19,26/09/2026 09:08
8f551ea4-88fe-4383-83c3-ec33bba950d1,turbine.equipment,available,28.99,28.99,high,low,7,namesilo,,,30/09/2026 03:04
417d8270-9b86-48bd-ac50-048c46376b4c,electric.law,available,95.99,95.99,high,low,8,namesilo,,,24/09/2026 13:44
1b9a8073-64bf-4241-8345-ba328b9ff8ec,fuel.channel,premium,257.92,257.92,high,low,4,spaceship,,,29/09/2026 20:07
7205cd3f-610d-4c46-9194-a03131274d20,generator.spot,premium,116,116,high,low,9,namesilo,,,28/09/2026 01:59
09347127-1dc0-4f78-88b9-dcbbabad2420,grid.study,premium,650,650,high,medium,4,namecheap,,,24/09/2026 17:52
71e05d8e-046d-4dee-98bb-129a93a2a99d,electricity.day,premium,76.7,76.7,high,low,11,namecheap,,,02/10/2026 10:51
7176a4b4-c070-4b22-9276-5035bcdc3153,turbine.tennis,available,67.98,81.98,high,low,7,namecheap,,,30/09/2026 03:04
6a48640f-b340-4096-b55d-7ad297cd66e0,grid.deal,available,38.98,48.98,high,medium,4,namecheap,,,24/09/2026 17:52
41d6fb81-db0c-4048-91d0-d4b5bfdab7ee,fuel.pro,resell,,,high,low,4,GoDaddy Online Services Cayman Islands Ltd.,19/06/2006 00:00,19/06/2027 00:00,29/09/2026 20:07
411ee123-0bfc-4e60-9b7e-c055ca147863,wind.archi,available,19.99,103.99,high,low,4,namesilo,,,28/09/2026 10:39
3bf952b9-61e4-4b5f-89b5-6b75f65e63bb,fuel.fishing,premium,47.2,29.5,high,low,4,namesilo,,,29/09/2026 20:07
f1d1ad6c-c7da-48e4-a5c1-3c7abff779eb,generator.guru,resell,,,high,low,9,,,,28/09/2026 01:59
7e439e7d-e478-430b-9db4-3e4f624053b4,generator.associates,available,11.99,32.32,high,low,9,dynadot,,,28/09/2026 01:59
acf64411-db3a-4cc7-8f12-06bf7095736c,electricity.photography,available,14.49,36.49,high,low,11,namesilo,,,02/10/2026 10:51
a418d039-0c64-4889-8e00-631841a9cbd7,fuel.now,resell,,,high,low,4,Unstoppable Domains Inc.,30/09/2024 13:00,30/09/2028 13:00,29/09/2026 20:07
70813a3c-b47d-4363-944a-f186c13e2752,solar.sucks,premium,2658.67,2658.67,high,high,5,namesilo,,,10/09/2026 13:31
948cf3b8-d3e0-42ef-9f95-500b2d2fa354,green.garden,resell,,,high,medium,5,"GoDaddy.com, LLC",28/01/2019 02:25,28/01/2027 02:25,03/10/2026 05:34
47c50b50-e23b-4fe6-8408-f44d28a637f1,grid.dad,premium,323.7,323.7,high,medium,4,namecheap,,,24/09/2026 17:52
d12914ca-2d77-4fd8-a615-f85f1b4f9438,electric.fail,available,38.99,38.99,high,low,8,namesilo,,,24/09/2026 13:44
9a012d65-cde7-4689-83d8-33737432d1dd,fuel.reviews,available,49.88,49.88,high,low,4,spaceship,,,29/09/2026 20:07
81ad03d6-d28e-4740-93c9-49be5f910baf,generator.reise,available,27.89,97.99,high,low,9,namesilo,,,28/09/2026 01:59
4483a0ea-8778-432b-bbfc-6b681a7f0667,electricity.boutique,available,25.2,25.2,high,low,11,cloudflare,,,02/10/2026 10:51
2b1727e4-8148-4a6d-a530-0228ae8e35aa,wind.press,premium,275,550,high,low,4,dynadot,,,28/09/2026 10:39
bf17f00a-2635-4ba9-a490-c92139d94741,wind.beer,premium,47.2,29.5,high,low,4,namesilo,,,28/09/2026 10:39
d7c3bcfd-8b08-44f9-9b63-b8b89d6ed5ca,electric.credit,available,11.49,104.99,high,low,8,namesilo,,,24/09/2026 13:44
777b4de4-dc80-4632-928f-32ecbcbea1cc,electricity.fish,available,46.98,59.98,high,low,11,namecheap,,,02/10/2026 10:51
47f4e603-0e5c-4f83-851d-0dc767f0cce8,solar.flowers,premium,832,832,high,high,5,namesilo,,,10/09/2026 13:31
87f72e41-d631-490e-93ee-8c1f48a62132,fuel.contact,resell,16.78,,high,low,4,Dynadot Inc,20/04/2026 13:11,20/04/2027 13:11,29/09/2026 20:07
7fefca5f-6599-4127-b5dc-243a8080df65,generator.tickets,available,359.99,488.88,high,low,9,namesilo,,,28/09/2026 01:59
582dfffd-f198-47be-b8c9-9d8519777d53,electricity.love,resell,9.99,28.99,high,low,11,"Chengdu West Dimension Digital Technology Co., LTD",19/08/2026 05:53,19/08/2027 05:53,02/10/2026 10:51
38bae9f8-6500-483e-9ff0-503ad9ab4da6,electric.sale,premium,71.4,71.4,high,low,8,namesilo,,,24/09/2026 13:44
78dda308-1b55-4fb7-b020-4caa4dab7488,electricity.foo,premium,59.2,76.7,high,low,11,unstoppable,,,02/10/2026 10:51
fac0970f-5377-4c88-bc4a-c5d0710dafed,electricity.vodka,available,33.98,43.98,high,low,11,namecheap,,,02/10/2026 10:51
7bcf4ff4-cec4-4d32-aaea-dfb53cb68255,grid.accountants,available,122.98,145.98,high,medium,4,namecheap,,,24/09/2026 17:52
d42914d4-dc71-4994-aa9e-cf8c60bd16f0,fuel.melbourne,premium,91.07,91.07,high,low,4,namecheap,,,29/09/2026 20:07
12008cd0-1955-46d9-bde1-8436a1ead813,electricity.sexy,available,2998,3298,high,low,11,namecheap,,,02/10/2026 10:51
d54111b3-0b5e-45b1-b487-584d7de66200,electricity.fun,premium,1293.95,5175.2,high,low,11,spaceship,,,02/10/2026 10:51
dd00da27-7f23-4dfa-acf8-a08ea22f2026,turbine.lighting,available,23.99,23.99,high,low,7,namesilo,,,30/09/2026 03:04
2f983c89-b194-48bf-b958-f8f5a67fcad1,electricity.security,available,1863.2,2000.18,high,low,11,spaceship,,,02/10/2026 10:51
2572bd02-ce10-4aac-9e7d-a962471131b5,electricity.software,available,20.99,41.99,high,low,11,namesilo,,,02/10/2026 10:51
f08f2653-8fbc-415b-885d-a8a4dfaa9fb5,fuel.win,premium,,,high,low,4,,,,29/09/2026 20:07
0c2c0657-b621-4448-8460-9cc950500339,renewable.organic,available,17.99,85.99,high,low,9,namesilo,,,09/09/2026 14:03
07fa6bf2-b91c-453c-8c32-f8b685b8e230,electricity.christmas,available,1.24,31.16,high,low,11,spaceship,,,02/10/2026 10:51
378c6036-546e-4b27-8162-21bff9740a2a,turbine.discount,available,30.99,30.99,high,low,7,namesilo,,,30/09/2026 03:04
b12a8889-3959-40d8-86da-af57029ddb86,powered.racing,premium,116,116,high,low,7,namesilo,,,27/09/2026 04:51
4926b0a1-5fa9-447d-ab7d-8ed1d9d5f52b,grid.casa,premium,52,13,high,medium,4,namecheap,,,24/09/2026 17:52
adfffb73-18f3-4bfa-b45c-35779f63531c,turbine.gallery,available,29.98,36.98,high,low,7,namecheap,,,30/09/2026 03:04
4e35b515-33ca-4198-9139-c14bb505ac0c,electric.science,premium,6900,116,high,low,8,namesilo,,,24/09/2026 13:44
5f300923-91cc-42d5-87bd-13936ffb7497,turbine.cx,available,18.99,18.99,high,low,7,namesilo,,,30/09/2026 03:04
2f9ffe9b-2e68-4a0d-addf-c9ae9a82ca2a,electric.moi,available,25.99,25.99,high,low,8,namesilo,,,24/09/2026 13:44
c76223c1-4d49-4935-8fac-b6be56bce4a9,turbine.vet,available,41.99,41.99,high,low,7,namesilo,,,30/09/2026 03:04
8e44ffcf-5da0-49f3-a165-251371065d47,battery.blog,premium,160,640,high,low,7,namesilo,,,20/09/2026 15:54
a06bf355-bc48-48fc-a38b-d325ed1ecebe,grid.baby,available,1.8,81.98,high,medium,4,namecheap,,,24/09/2026 17:52
429fb0c9-c29d-4f40-b986-9ef1d0c8ebf4,wind.jetzt,available,7.71,19.48,high,low,4,dynadot,,,28/09/2026 10:39
ff9801bd-558e-47ab-af01-e25c36a2fa5d,fuel.dog,resell,,,high,low,4,Dynadot Inc,22/02/2026 18:02,22/02/2027 18:02,29/09/2026 20:07
31dade5c-f75b-4512-aef0-1d27fa730bfa,electricity.eco,premium,8187.96,63.3,high,low,11,porkbun,,,02/10/2026 10:51
cd3b6ebe-8769-407d-b57f-63c58b772e6a,turbine.ing,premium,150.2,,high,low,7,unstoppable,,,30/09/2026 03:04
11fe6ee2-00c7-40d3-88a5-69c6d8adcf3f,generator.gmbh,available,89.99,89.99,high,low,9,godaddy,,,28/09/2026 01:59
359ae74a-0e67-49fe-831a-57c54d32869c,turbine.law,available,95.99,95.99,high,low,7,namesilo,,,30/09/2026 03:04
b1898e0a-5f4c-4f68-b12a-e97707af57ad,battery.us,resell,,,high,low,7,Dynadot Inc,04/06/2004 07:00,03/06/2027 23:59,26/09/2026 04:18
1bd50dd1-6bc8-4ded-9876-4b669fff2d8a,turbine.tattoo,available,34.99,34.99,high,low,7,namesilo,,,30/09/2026 03:04
9d3187cc-a757-4e25-9297-82f712461784,sustainable.so,resell,,,high,high,11,SOSTEC TECHNOLOGIES_LR,02/02/2024 08:47,02/02/2026 08:47,
090cbc4d-f94f-4647-b747-df5723cdd52b,electricity.blog,premium,640,2660,high,low,11,namesilo,,,02/10/2026 10:51
991ede47-a6a2-49c1-aa13-27470c1c38a9,fuel.restaurant,available,20,,high,low,4,unstoppable,,,29/09/2026 20:07
715231fe-0390-43ba-8a19-4b8e70293298,electricity.luxe,available,15.73,15.73,high,low,11,spaceship,,,02/10/2026 10:51
f188dc41-4c93-42ff-ad3b-be32d2f62ec8,electric.boo,premium,311.25,311.25,high,low,8,name.com,,,24/09/2026 13:44
20e7da25-25a6-46b2-8929-bf0539c3d3a5,fuel.republican,available,5.38,26,high,low,4,spaceship,,,29/09/2026 20:07
5742746f-ea4f-42d7-bcb4-82aa3fd0e201,turbine.villas,available,59.99,59.99,high,low,7,namesilo,,,30/09/2026 03:04
5e1e9dd5-7a66-4565-9856-cc17f6fad236,fuel.ong,available,16.72,16.72,high,low,4,dynadot,,,29/09/2026 20:07
e126de18-bfd7-43bf-9954-5b905ca9e784,electricity.online,premium,2500.2,3125,high,low,11,unstoppable,,,02/10/2026 10:51
a8f55483-2b46-4789-a314-86b8067cd987,grid.school,resell,,,high,medium,4,"Xiamen ChinaSource Internet Service Co., Ltd",20/02/2025 15:15,20/02/2027 15:15,26/09/2026 06:30
ad472731-4fdc-4fa2-934a-b2abe0c1f92a,powered.supplies,available,25.48,32.48,high,low,7,namecheap,,,27/09/2026 04:51
8b69d657-c051-48f9-b6b3-50bdc6dba5d6,electric.guitars,premium,2660,2660,high,low,8,namesilo,,,24/09/2026 13:44
4c744469-7946-4db1-b476-1da90354e93c,fuel.pizza,available,5.38,51.95,high,low,4,spaceship,,,29/09/2026 20:07